data,n_runs,privacy,eps,delta,ss,af,af_epoch,af_prob,af_mr,af_tc,af_count,adaptive_lr,lr,epo,max_leaves,rmse,rmse_std,acc,acc_std,auroc,auroc_std
data/adult.csv,25,True,0.1,0.0,False,True,1,0.01,2,False,1,False,0.01,300,3,,,0.6459388914478734,0.0387737940305,0.5413308175803931,0.048640213065051244
data/adult.csv,25,True,0.1,0.0,False,True,1,0.01,2,False,2,False,0.01,300,3,,,0.6371134653769385,0.02891512575717859,0.5536420871537304,0.06063582502604568
data/adult.csv,25,True,0.1,0.0,False,True,1,0.01,2,False,4,False,0.01,300,3,,,0.6342207891908491,0.03636572200753564,0.5467031089504559,0.057787293680067624
data/adult.csv,25,True,0.1,0.0,False,True,1,0.02,2,False,1,False,0.01,300,3,,,0.6471856287425151,0.036740750888819285,0.5613402292391565,0.06668788344299172
data/adult.csv,25,True,0.1,0.0,False,True,1,0.02,2,False,2,False,0.01,300,3,,,0.6471364962382925,0.041547095128576045,0.5612977849652467,0.061334519604755285
data/adult.csv,25,True,0.1,0.0,False,True,1,0.02,2,False,4,False,0.01,300,3,,,0.6320343927529556,0.04991872629654536,0.5465010250296481,0.06399688220595405
data/adult.csv,25,True,0.1,0.0,False,True,1,0.05,2,False,1,False,0.01,300,3,,,0.6100353139874098,0.0530475472073207,0.5163296544834528,0.055450224942468936
data/adult.csv,25,True,0.1,0.0,False,True,1,0.05,2,False,2,False,0.01,300,3,,,0.6279932442806694,0.04602902406606609,0.5444693909828814,0.05540247521558076
data/adult.csv,25,True,0.1,0.0,False,True,1,0.05,2,False,4,False,0.01,300,3,,,0.6166927683095348,0.047031063923183396,0.5310838135801964,0.0668001512795393
data/adult.csv,25,True,0.1,0.0,False,True,1,0.1,2,False,1,False,0.01,300,3,,,0.6003193612774451,0.05238624237893208,0.5238785426397511,0.05809771091032819
data/adult.csv,25,True,0.1,0.0,False,True,1,0.1,2,False,2,False,0.01,300,3,,,0.5876923076923077,0.06583431693498971,0.5194790703705862,0.07007389200115326
data/adult.csv,25,True,0.1,0.0,False,True,1,0.1,2,False,4,False,0.01,300,3,,,0.6194994626132351,0.06191321537664609,0.5625338804862788,0.07187239351959834
data/adult.csv,25,True,0.1,0.0,False,True,1,0.2,2,False,1,False,0.01,300,3,,,0.5605834484876401,0.07593170223848396,0.5236672264233324,0.06862841811509623
data/adult.csv,25,True,0.1,0.0,False,True,1,0.2,2,False,2,False,0.01,300,3,,,0.5605036081682787,0.07765946441283042,0.49919797041464703,0.05543268705422201
data/adult.csv,25,True,0.1,0.0,False,True,1,0.2,2,False,4,False,0.01,300,3,,,0.5803899892522647,0.05206051447856976,0.5415372732160059,0.05759107465247027
data/adult.csv,25,True,0.1,0.0,True,True,1,0.01,2,False,1,False,0.01,300,3,,,0.6222324581606018,0.06091235525661955,0.5376941261656939,0.08039191022414958
data/adult.csv,25,True,0.1,0.0,True,True,1,0.01,2,False,2,False,0.01,300,3,,,0.6210164286810993,0.05187193946598998,0.5621238399536823,0.041556092685376925
data/adult.csv,25,True,0.1,0.0,True,True,1,0.01,2,False,4,False,0.01,300,3,,,0.6265069860279442,0.06870048703852473,0.5692472572464812,0.07384087467081345
data/adult.csv,25,True,0.1,0.0,True,True,1,0.02,2,False,1,False,0.01,300,3,,,0.6312728389375095,0.05310296922798962,0.5895607241695847,0.05136933682910062
data/adult.csv,25,True,0.1,0.0,True,True,1,0.02,2,False,2,False,0.01,300,3,,,0.6214647627821281,0.040170611208520945,0.5660922878929189,0.05730416077054714
data/adult.csv,25,True,0.1,0.0,True,True,1,0.02,2,False,4,False,0.01,300,3,,,0.6134377399048057,0.05418302779420922,0.5521877071856539,0.06806586097079606
data/adult.csv,25,True,0.1,0.0,True,True,1,0.05,2,False,1,False,0.01,300,3,,,0.6420758483033931,0.052353838234119626,0.5766423744137892,0.062421997850248594
data/adult.csv,25,True,0.1,0.0,True,True,1,0.05,2,False,2,False,0.01,300,3,,,0.6409396591432519,0.04889471245279694,0.5720672975613406,0.0598515391562928
data/adult.csv,25,True,0.1,0.0,True,True,1,0.05,2,False,4,False,0.01,300,3,,,0.6061845539689851,0.05419425531659881,0.5344348717168684,0.06904091585778555
data/adult.csv,25,True,0.1,0.0,True,True,1,0.1,2,False,1,False,0.01,300,3,,,0.6395823737141103,0.05207610884882457,0.5693891477404405,0.06719192294437636
data/adult.csv,25,True,0.1,0.0,True,True,1,0.1,2,False,2,False,0.01,300,3,,,0.6244618455396899,0.05152927515661569,0.5572985702870944,0.059910121880447156
data/adult.csv,25,True,0.1,0.0,True,True,1,0.1,2,False,4,False,0.01,300,3,,,0.6409273760171963,0.0547852703804342,0.5544226397105207,0.06902878561125628
data/adult.csv,25,True,0.1,0.0,True,True,1,0.2,2,False,1,False,0.01,300,3,,,0.6200890526639029,0.05308758484163771,0.5522318814881357,0.07862804053987826
data/adult.csv,25,True,0.1,0.0,True,True,1,0.2,2,False,2,False,0.01,300,3,,,0.634632273913711,0.04712980165924319,0.5703680728464466,0.05414231583915296
data/adult.csv,25,True,0.1,0.0,True,True,1,0.2,2,False,4,False,0.01,300,3,,,0.6421741133118378,0.0472171002526035,0.5789205287655448,0.060854899907027374
data/adult.csv,25,True,0.1,0.0,False,True,1,0.01,2,False,1,False,0.01,300,4,,,0.6427698449255336,0.03684817235347355,0.5398253620174736,0.06455904467630909
data/adult.csv,25,True,0.1,0.0,False,True,1,0.01,2,False,2,False,0.01,300,4,,,0.6469890987256257,0.037494548607069765,0.5575304756972106,0.06297714303748676
data/adult.csv,25,True,0.1,0.0,False,True,1,0.01,2,False,4,False,0.01,300,4,,,0.6299831107016736,0.045245356253424455,0.569158657594618,0.05044170967283452
data/adult.csv,25,True,0.1,0.0,False,True,1,0.02,2,False,1,False,0.01,300,4,,,0.6179456471672041,0.051032706646524206,0.5287090755337754,0.06889473430348664
data/adult.csv,25,True,0.1,0.0,False,True,1,0.02,2,False,2,False,0.01,300,4,,,0.6403562106556119,0.043144117020381026,0.5505549188075424,0.05221440238807944
data/adult.csv,25,True,0.1,0.0,False,True,1,0.02,2,False,4,False,0.01,300,4,,,0.6407861200675572,0.039209901902336024,0.5556467625008302,0.054609720801438145
data/adult.csv,25,True,0.1,0.0,False,True,1,0.05,2,False,1,False,0.01,300,4,,,0.6168278826961462,0.06379523282367636,0.5441616893576373,0.06206564404382035
data/adult.csv,25,True,0.1,0.0,False,True,1,0.05,2,False,2,False,0.01,300,4,,,0.6096115461384922,0.0484193600022937,0.5213225751786159,0.05899397428583231
data/adult.csv,25,True,0.1,0.0,False,True,1,0.05,2,False,4,False,0.01,300,4,,,0.6179579302932595,0.034079374416854484,0.5335458068637877,0.06609672619266511
data/adult.csv,25,True,0.1,0.0,False,True,1,0.1,2,False,1,False,0.01,300,4,,,0.5983540611085522,0.059169105922243996,0.5221344663438022,0.050540303625913975
data/adult.csv,25,True,0.1,0.0,False,True,1,0.1,2,False,2,False,0.01,300,4,,,0.605631813296484,0.05667077357475334,0.512194013876324,0.06455536690042898
data/adult.csv,25,True,0.1,0.0,False,True,1,0.1,2,False,4,False,0.01,300,4,,,0.586715799170889,0.05610492657696289,0.5114075032648532,0.059252479714077884
data/adult.csv,25,True,0.1,0.0,False,True,1,0.2,2,False,1,False,0.01,300,4,,,0.5515983417779825,0.08279339592973123,0.5166150843087862,0.06535656767720951
data/adult.csv,25,True,0.1,0.0,False,True,1,0.2,2,False,2,False,0.01,300,4,,,0.5885214187010593,0.0641906531002817,0.5218384688353601,0.0632791304843955
data/adult.csv,25,True,0.1,0.0,False,True,1,0.2,2,False,4,False,0.01,300,4,,,0.5769507139567019,0.062352620841913994,0.5122004637928197,0.07014096746951053
data/adult.csv,25,True,0.1,0.0,True,True,1,0.01,2,False,1,False,0.01,300,4,,,0.6366098572086596,0.06004654383692555,0.5739384857081272,0.0860758058337184
data/adult.csv,25,True,0.1,0.0,True,True,1,0.01,2,False,2,False,0.01,300,4,,,0.6182158759404268,0.04402794140352943,0.5512288299520615,0.07440516172143866
data/adult.csv,25,True,0.1,0.0,True,True,1,0.01,2,False,4,False,0.01,300,4,,,0.6267526485490557,0.05022714431358204,0.5735217439313433,0.07246053544351932
data/adult.csv,25,True,0.1,0.0,True,True,1,0.02,2,False,1,False,0.01,300,4,,,0.6097835099032703,0.05209725632755129,0.5552195230545913,0.06866788119245174
data/adult.csv,25,True,0.1,0.0,True,True,1,0.02,2,False,2,False,0.01,300,4,,,0.6358421618301857,0.04595958336258541,0.5829252394734019,0.0699190295152436
data/adult.csv,25,True,0.1,0.0,True,True,1,0.02,2,False,4,False,0.01,300,4,,,0.6114355903577461,0.04127577056097246,0.5520853841893445,0.053046503982051185
data/adult.csv,25,True,0.1,0.0,True,True,1,0.05,2,False,1,False,0.01,300,4,,,0.6089605404575464,0.06092550753383938,0.5469886183517816,0.06874432678088639
data/adult.csv,25,True,0.1,0.0,True,True,1,0.05,2,False,2,False,0.01,300,4,,,0.632992476585291,0.03760850496356096,0.5642239960273789,0.05086450253815106
data/adult.csv,25,True,0.1,0.0,True,True,1,0.05,2,False,4,False,0.01,300,4,,,0.6089973898357132,0.060107000747733175,0.5564947457955473,0.0777828310363515
data/adult.csv,25,True,0.1,0.0,True,True,1,0.1,2,False,1,False,0.01,300,4,,,0.6265991094733611,0.05929858767567724,0.5473465115507389,0.08549016603502133
data/adult.csv,25,True,0.1,0.0,True,True,1,0.1,2,False,2,False,0.01,300,4,,,0.627127283893751,0.05958178932425576,0.5581583673766984,0.07084979141677886
data/adult.csv,25,True,0.1,0.0,True,True,1,0.1,2,False,4,False,0.01,300,4,,,0.6195977276216796,0.03383092913024399,0.5668481211455894,0.06963060407391418
data/adult.csv,25,True,0.1,0.0,True,True,1,0.2,2,False,1,False,0.01,300,4,,,0.6300752341470904,0.05031047428924514,0.5461607107599604,0.06606016883909217
data/adult.csv,25,True,0.1,0.0,True,True,1,0.2,2,False,2,False,0.01,300,4,,,0.6234300629510211,0.057535564077755015,0.5639274595439833,0.06494536345456078
data/adult.csv,25,True,0.1,0.0,True,True,1,0.2,2,False,4,False,0.01,300,4,,,0.6252049746660525,0.05324723598660068,0.5360604553038913,0.06626973937769279
data/adult.csv,25,True,0.1,0.0,False,True,1,0.01,2,False,1,False,0.01,300,8,,,0.6567848917549517,0.040844762158394214,0.5843272722912255,0.0545760730151049
data/adult.csv,25,True,0.1,0.0,False,True,1,0.01,2,False,2,False,0.01,300,8,,,0.6389805005373868,0.04043646140541331,0.5446118959016836,0.06511994444189138
data/adult.csv,25,True,0.1,0.0,False,True,1,0.01,2,False,4,False,0.01,300,8,,,0.6291662828189774,0.053340284218820526,0.5503312422592634,0.07068269886945762
data/adult.csv,25,True,0.1,0.0,False,True,1,0.02,2,False,1,False,0.01,300,8,,,0.6371871641332719,0.052944726101726625,0.5318106052131288,0.06790881077323171
data/adult.csv,25,True,0.1,0.0,False,True,1,0.02,2,False,2,False,0.01,300,8,,,0.6239336711192999,0.030195815166028622,0.5082303386206998,0.04385731413564316
data/adult.csv,25,True,0.1,0.0,False,True,1,0.02,2,False,4,False,0.01,300,8,,,0.6368370950406878,0.04519056476979494,0.53669775761784,0.059615630200233125
data/adult.csv,25,True,0.1,0.0,False,True,1,0.05,2,False,1,False,0.01,300,8,,,0.6002579456471672,0.055977106328824376,0.5343202194096227,0.06914423940805614
data/adult.csv,25,True,0.1,0.0,False,True,1,0.05,2,False,2,False,0.01,300,8,,,0.6074435743896822,0.05414259849227057,0.5180329738633114,0.06568526060316754
data/adult.csv,25,True,0.1,0.0,False,True,1,0.05,2,False,4,False,0.01,300,8,,,0.6186089359742054,0.03264525282475718,0.5405419429576317,0.03850143014524117
data/adult.csv,25,True,0.1,0.0,False,True,1,0.1,2,False,1,False,0.01,300,8,,,0.6039797328420083,0.05776001293906596,0.5207034970429194,0.07743523677634433
data/adult.csv,25,True,0.1,0.0,False,True,1,0.1,2,False,2,False,0.01,300,8,,,0.5932749884845693,0.06651155390315847,0.5278014896346664,0.07958499690499968
data/adult.csv,25,True,0.1,0.0,False,True,1,0.1,2,False,4,False,0.01,300,8,,,0.5779947796714264,0.06290974099005558,0.5140713019261836,0.07059352602441704
data/adult.csv,25,True,0.1,0.0,False,True,1,0.2,2,False,1,False,0.01,300,8,,,0.5672101949946261,0.06584937481422813,0.4964708315980249,0.08141266320813789
data/adult.csv,25,True,0.1,0.0,False,True,1,0.2,2,False,2,False,0.01,300,8,,,0.5701704283740212,0.07601576976148339,0.5081469471785051,0.06818671947184869
data/adult.csv,25,True,0.1,0.0,False,True,1,0.2,2,False,4,False,0.01,300,8,,,0.5810409949332105,0.07355392545297094,0.5315364429944123,0.08390460935352993
data/adult.csv,25,True,0.1,0.0,True,True,1,0.01,2,False,1,False,0.01,300,8,,,0.6084937816674344,0.04155783640493241,0.5570031835888787,0.05544857446637724
data/adult.csv,25,True,0.1,0.0,True,True,1,0.01,2,False,2,False,0.01,300,8,,,0.6127990173499155,0.051931730728691845,0.549643635312769,0.066222826729514
data/adult.csv,25,True,0.1,0.0,True,True,1,0.01,2,False,4,False,0.01,300,8,,,0.6204514048825426,0.050339204374104586,0.5548861220254638,0.07429424701574129
data/adult.csv,25,True,0.1,0.0,True,True,1,0.02,2,False,1,False,0.01,300,8,,,0.6297988638108398,0.045583066396716714,0.5711482095174197,0.042697026673169505
data/adult.csv,25,True,0.1,0.0,True,True,1,0.02,2,False,2,False,0.01,300,8,,,0.6013081529249195,0.051685745184056435,0.5319649278677072,0.05824650985707983
data/adult.csv,25,True,0.1,0.0,True,True,1,0.02,2,False,4,False,0.01,300,8,,,0.6350867495777677,0.04838448163087614,0.572058321139253,0.06144885700176323
data/adult.csv,25,True,0.1,0.0,True,True,1,0.05,2,False,1,False,0.01,300,8,,,0.6092799017349916,0.04167061331096201,0.5632886383575402,0.05882651304365256
data/adult.csv,25,True,0.1,0.0,True,True,1,0.05,2,False,2,False,0.01,300,8,,,0.6122954091816367,0.04383863692720213,0.5539320457355216,0.050159645760387596
data/adult.csv,25,True,0.1,0.0,True,True,1,0.05,2,False,4,False,0.01,300,8,,,0.6175587286964533,0.03730004068988471,0.5479690414170123,0.05128458325843801
data/adult.csv,25,True,0.1,0.0,True,True,1,0.1,2,False,1,False,0.01,300,8,,,0.6173192077383693,0.0563630884090389,0.5637891438746856,0.05079197554688281
data/adult.csv,25,True,0.1,0.0,True,True,1,0.1,2,False,2,False,0.01,300,8,,,0.61817902656226,0.040273671254558045,0.5771473269377753,0.0635913032006245
data/adult.csv,25,True,0.1,0.0,True,True,1,0.1,2,False,4,False,0.01,300,8,,,0.6299155535083679,0.04763648005770123,0.5801168693755837,0.05254255162687535
data/adult.csv,25,True,0.1,0.0,True,True,1,0.2,2,False,1,False,0.01,300,8,,,0.6140764624596959,0.05232696614026684,0.5401156552135975,0.07337966303722619
data/adult.csv,25,True,0.1,0.0,True,True,1,0.2,2,False,2,False,0.01,300,8,,,0.620469829571626,0.04448875344748874,0.5328818313643459,0.0614809651555015
data/adult.csv,25,True,0.1,0.0,True,True,1,0.2,2,False,4,False,0.01,300,8,,,0.6136711192998618,0.045926300339221265,0.5511542363856351,0.06420771619936966
data/adult.csv,25,True,0.1,0.0,False,True,1,0.01,2,False,1,False,0.01,300,16,,,0.6396622140334715,0.03744060532727423,0.5475651032587469,0.05245901051802149
data/adult.csv,25,True,0.1,0.0,False,True,1,0.01,2,False,2,False,0.01,300,16,,,0.6460371564563181,0.0429404164512952,0.577982599216162,0.06089294357446187
data/adult.csv,25,True,0.1,0.0,False,True,1,0.01,2,False,4,False,0.01,300,16,,,0.6305481345002303,0.04682415779443204,0.5533530726916694,0.05161657924351517
data/adult.csv,25,True,0.1,0.0,False,True,1,0.02,2,False,1,False,0.01,300,16,,,0.641289728235836,0.03936743146372365,0.5533382410526264,0.053555015894953636
data/adult.csv,25,True,0.1,0.0,False,True,1,0.02,2,False,2,False,0.01,300,16,,,0.6454475664056503,0.039509825827728405,0.5691414284525059,0.058651468492456026
data/adult.csv,25,True,0.1,0.0,False,True,1,0.02,2,False,4,False,0.01,300,16,,,0.6302717641639798,0.03500875383365205,0.5365363664222226,0.05867029967407459
data/adult.csv,25,True,0.1,0.0,False,True,1,0.05,2,False,1,False,0.01,300,16,,,0.6036787962536466,0.0650854047794695,0.5246459072836993,0.0735149129064616
data/adult.csv,25,True,0.1,0.0,False,True,1,0.05,2,False,2,False,0.01,300,16,,,0.6216858590511284,0.04927783434843844,0.5411431813222429,0.06024865214696727
data/adult.csv,25,True,0.1,0.0,False,True,1,0.05,2,False,4,False,0.01,300,16,,,0.6285091355750039,0.048994819364809664,0.5500881160311029,0.062238822304279635
data/adult.csv,25,True,0.1,0.0,False,True,1,0.1,2,False,1,False,0.01,300,16,,,0.5990112083525257,0.06781225499330681,0.5154570257240698,0.06384374611763438
data/adult.csv,25,True,0.1,0.0,False,True,1,0.1,2,False,2,False,0.01,300,16,,,0.5815446031014893,0.056616734192184874,0.5127442165043741,0.06969771141633602
data/adult.csv,25,True,0.1,0.0,False,True,1,0.1,2,False,4,False,0.01,300,16,,,0.6098449255335483,0.04479193368441944,0.5555823098435966,0.06230950412207449
data/adult.csv,25,True,0.1,0.0,False,True,1,0.2,2,False,1,False,0.01,300,16,,,0.5480178105327805,0.08617268732665123,0.4910938731181893,0.06138715203052497
data/adult.csv,25,True,0.1,0.0,False,True,1,0.2,2,False,2,False,0.01,300,16,,,0.572080454475664,0.06605812033355492,0.5069853477241204,0.08502862172550948
data/adult.csv,25,True,0.1,0.0,False,True,1,0.2,2,False,4,False,0.01,300,16,,,0.5765208045447566,0.06622634709949207,0.5223876025000921,0.06675888226723659
data/adult.csv,25,True,0.1,0.0,True,True,1,0.01,2,False,1,False,0.01,300,16,,,0.613929064947029,0.04365023019881632,0.5551673613100822,0.050041957493228366
data/adult.csv,25,True,0.1,0.0,True,True,1,0.01,2,False,2,False,0.01,300,16,,,0.6126270535851375,0.056446969806529836,0.5609167813364458,0.06595368056242873
data/adult.csv,25,True,0.1,0.0,True,True,1,0.01,2,False,4,False,0.01,300,16,,,0.6149608475356978,0.03402457179360189,0.54607976286888,0.052596639843417364
data/adult.csv,25,True,0.1,0.0,True,True,1,0.02,2,False,1,False,0.01,300,16,,,0.6156671272838937,0.043650652748756895,0.5681511282282263,0.05218366328956782
data/adult.csv,25,True,0.1,0.0,True,True,1,0.02,2,False,2,False,0.01,300,16,,,0.6052080454475663,0.04203134976270633,0.5319746471994005,0.05773006749121973
data/adult.csv,25,True,0.1,0.0,True,True,1,0.02,2,False,4,False,0.01,300,16,,,0.6218148318747122,0.04398121010281669,0.5719935821423033,0.047737255013993056
data/adult.csv,25,True,0.1,0.0,True,True,1,0.05,2,False,1,False,0.01,300,16,,,0.6338891447873484,0.04725598763158102,0.564995547943873,0.06288400600906353
data/adult.csv,25,True,0.1,0.0,True,True,1,0.05,2,False,2,False,0.01,300,16,,,0.6160663288807001,0.0456505540275055,0.5474881172508129,0.05229047221690043
data/adult.csv,25,True,0.1,0.0,True,True,1,0.05,2,False,4,False,0.01,300,16,,,0.619732842008291,0.04112854679805892,0.560892857281219,0.06833483086467265
data/adult.csv,25,True,0.1,0.0,True,True,1,0.1,2,False,1,False,0.01,300,16,,,0.6179149393520652,0.03520417964086197,0.5492075332442444,0.05636177961568124
data/adult.csv,25,True,0.1,0.0,True,True,1,0.1,2,False,2,False,0.01,300,16,,,0.6331398740979579,0.04083813574402121,0.5691784176746998,0.053764886500560764
data/adult.csv,25,True,0.1,0.0,True,True,1,0.1,2,False,4,False,0.01,300,16,,,0.6233686473207432,0.03892462374344388,0.5718658091829525,0.03674440022302915
data/adult.csv,25,True,0.1,0.0,True,True,1,0.2,2,False,1,False,0.01,300,16,,,0.6236204514048825,0.04732469612194561,0.5493675648940897,0.04723990812939496
data/adult.csv,25,True,0.1,0.0,True,True,1,0.2,2,False,2,False,0.01,300,16,,,0.6256041762628589,0.04252962732668891,0.5477485455249255,0.04706937210118115
data/adult.csv,25,True,0.1,0.0,True,True,1,0.2,2,False,4,False,0.01,300,16,,,0.6210594196222938,0.04067610281360785,0.5616907336577869,0.05193829018864364
data/adult.csv,25,True,0.1,1e-06,False,True,1,0.01,2,False,1,False,0.01,300,3,,,0.7709504068785507,0.010562060040758185,0.8448235158980499,0.017874691956146698
data/adult.csv,25,True,0.1,1e-06,False,True,1,0.01,2,False,2,False,0.01,300,3,,,0.7877537233225855,0.011041573865610957,0.8575929809115993,0.010520658791618571
data/adult.csv,25,True,0.1,1e-06,False,True,1,0.01,2,False,4,False,0.01,300,3,,,0.8061292799017349,0.008664254527676407,0.8626524380081005,0.009780602103969988
data/adult.csv,25,True,0.1,1e-06,False,True,1,0.02,2,False,1,False,0.01,300,3,,,0.7611361891601411,0.005738257926175933,0.8295753696463339,0.020043796877397515
data/adult.csv,25,True,0.1,1e-06,False,True,1,0.02,2,False,2,False,0.01,300,3,,,0.7732657761400276,0.010645874708302439,0.85151257572653,0.012517777568969587
data/adult.csv,25,True,0.1,1e-06,False,True,1,0.02,2,False,4,False,0.01,300,3,,,0.7927652387532628,0.009869830005332743,0.8603377370042145,0.010146031057597479
data/adult.csv,25,True,0.1,1e-06,False,True,1,0.05,2,False,1,False,0.01,300,3,,,0.7605036081682789,0.004932344289782135,0.8150928198196552,0.027543801123650742
data/adult.csv,25,True,0.1,1e-06,False,True,1,0.05,2,False,2,False,0.01,300,3,,,0.7594656840165822,0.004090483845931962,0.8370128712050652,0.02359581449998364
data/adult.csv,25,True,0.1,1e-06,False,True,1,0.05,2,False,4,False,0.01,300,3,,,0.7650176569937049,0.00777982117773137,0.8474098793611925,0.015534395070393834
data/adult.csv,25,True,0.1,1e-06,False,True,1,0.1,2,False,1,False,0.01,300,3,,,0.7603439275295563,0.004444115807280347,0.8050214371227072,0.030262990767521983
data/adult.csv,25,True,0.1,1e-06,False,True,1,0.1,2,False,2,False,0.01,300,3,,,0.7599385843697221,0.004858849760464225,0.8197468118923597,0.022558071267100573
data/adult.csv,25,True,0.1,1e-06,False,True,1,0.1,2,False,4,False,0.01,300,3,,,0.7602395209580837,0.004684140770217645,0.8320104270921733,0.013430095697784509
data/adult.csv,25,True,0.1,1e-06,False,True,1,0.2,2,False,1,False,0.01,300,3,,,0.7599938584369721,0.0052460381537180415,0.7846141559370305,0.03591957798844453
data/adult.csv,25,True,0.1,1e-06,False,True,1,0.2,2,False,2,False,0.01,300,3,,,0.7600736987563336,0.005037182549984114,0.8004123590216504,0.024819856282669927
data/adult.csv,25,True,0.1,1e-06,False,True,1,0.2,2,False,4,False,0.01,300,3,,,0.7599570090588053,0.0032027529857288463,0.8135432379492034,0.029376990303690315
data/adult.csv,25,True,0.1,1e-06,True,True,1,0.01,2,False,1,False,0.01,300,3,,,0.7941532319975434,0.010684000447200581,0.8340378901376678,0.01707336861283793
data/adult.csv,25,True,0.1,1e-06,True,True,1,0.01,2,False,2,False,0.01,300,3,,,0.8035436818670353,0.011616658912100461,0.8471388876461687,0.018256396772496786
data/adult.csv,25,True,0.1,1e-06,True,True,1,0.01,2,False,4,False,0.01,300,3,,,0.8091325042223245,0.009807031995629744,0.8538506304911389,0.012254772969371866
data/adult.csv,25,True,0.1,1e-06,True,True,1,0.02,2,False,1,False,0.01,300,3,,,0.7873422385997236,0.01024394302908925,0.8253928874371459,0.01491836563353891
data/adult.csv,25,True,0.1,1e-06,True,True,1,0.02,2,False,2,False,0.01,300,3,,,0.7934838016275143,0.010174577533121112,0.836580817013277,0.01923640189449353
data/adult.csv,25,True,0.1,1e-06,True,True,1,0.02,2,False,4,False,0.01,300,3,,,0.8047842775986487,0.00977513058004475,0.8461161940379615,0.018111987071598667
data/adult.csv,25,True,0.1,1e-06,True,True,1,0.05,2,False,1,False,0.01,300,3,,,0.768684170121296,0.008357162214190025,0.7777195680141528,0.027804477981853513
data/adult.csv,25,True,0.1,1e-06,True,True,1,0.05,2,False,2,False,0.01,300,3,,,0.7767664670658683,0.008533780833902285,0.8091177355446885,0.02163324406075577
data/adult.csv,25,True,0.1,1e-06,True,True,1,0.05,2,False,4,False,0.01,300,3,,,0.7902164900967297,0.01164994125181214,0.831825942221185,0.021441250215292765
data/adult.csv,25,True,0.1,1e-06,True,True,1,0.1,2,False,1,False,0.01,300,3,,,0.7610379241516967,0.005591838331263375,0.7553863000208889,0.03502944147893089
data/adult.csv,25,True,0.1,1e-06,True,True,1,0.1,2,False,2,False,0.01,300,3,,,0.7632488868417013,0.006007673061155113,0.774294937999498,0.028593586119327122
data/adult.csv,25,True,0.1,1e-06,True,True,1,0.1,2,False,4,False,0.01,300,3,,,0.7726331951481652,0.0076477479152123875,0.8012017393560654,0.01674550425080753
data/adult.csv,25,True,0.1,1e-06,True,True,1,0.2,2,False,1,False,0.01,300,3,,,0.7621249808076155,0.005988027101614488,0.7153246503924207,0.03153058397526731
data/adult.csv,25,True,0.1,1e-06,True,True,1,0.2,2,False,2,False,0.01,300,3,,,0.7588208198986642,0.0053505669312758014,0.7410544508673592,0.030833449092051563
data/adult.csv,25,True,0.1,1e-06,True,True,1,0.2,2,False,4,False,0.01,300,3,,,0.7611914632273913,0.007106571336416047,0.7655728815203335,0.024703435740680443
data/adult.csv,25,True,0.1,1e-06,False,True,1,0.01,2,False,1,False,0.01,300,4,,,0.7728481498541379,0.011502860635159134,0.8507613025105045,0.012034463790865773
data/adult.csv,25,True,0.1,1e-06,False,True,1,0.01,2,False,2,False,0.01,300,4,,,0.7912175648702593,0.011325232063895777,0.8601370464379399,0.009919683767039701
data/adult.csv,25,True,0.1,1e-06,False,True,1,0.01,2,False,4,False,0.01,300,4,,,0.8041148472286196,0.009478821605165975,0.862926746470702,0.009967612207483047
data/adult.csv,25,True,0.1,1e-06,False,True,1,0.02,2,False,1,False,0.01,300,4,,,0.7614739751266696,0.005379062655321809,0.8260049315922267,0.024354628997723487
data/adult.csv,25,True,0.1,1e-06,False,True,1,0.02,2,False,2,False,0.01,300,4,,,0.7710916628281898,0.00962672324186614,0.8479457922568956,0.013503505975641547
data/adult.csv,25,True,0.1,1e-06,False,True,1,0.02,2,False,4,False,0.01,300,4,,,0.7941102410563488,0.008540028341719139,0.8597904319288507,0.009276717475151321
data/adult.csv,25,True,0.1,1e-06,False,True,1,0.05,2,False,1,False,0.01,300,4,,,0.7590173499155535,0.0037752183435808763,0.8065178854987494,0.03622097215753042
data/adult.csv,25,True,0.1,1e-06,False,True,1,0.05,2,False,2,False,0.01,300,4,,,0.7595025333947489,0.004965916107773539,0.8326658168099869,0.018574531692884307
data/adult.csv,25,True,0.1,1e-06,False,True,1,0.05,2,False,4,False,0.01,300,4,,,0.7655212651619837,0.007772496818415301,0.8435961394958728,0.016056931269750923
data/adult.csv,25,True,0.1,1e-06,False,True,1,0.1,2,False,1,False,0.01,300,4,,,0.7614432673115309,0.007151759828188486,0.7956080901472273,0.04496453132412025
data/adult.csv,25,True,0.1,1e-06,False,True,1,0.1,2,False,2,False,0.01,300,4,,,0.760466758790112,0.005052143967184085,0.8097062411045612,0.023784253453650685
data/adult.csv,25,True,0.1,1e-06,False,True,1,0.1,2,False,4,False,0.01,300,4,,,0.7599570090588056,0.004188888169502223,0.8295162847852486,0.013746216652698845
data/adult.csv,25,True,0.1,1e-06,False,True,1,0.2,2,False,1,False,0.01,300,4,,,0.7605097497313067,0.004047378569776253,0.7819238526591243,0.039136022955622546
data/adult.csv,25,True,0.1,1e-06,False,True,1,0.2,2,False,2,False,0.01,300,4,,,0.7603992015968063,0.004499322654990793,0.7910795326163086,0.027547216526875935
data/adult.csv,25,True,0.1,1e-06,False,True,1,0.2,2,False,4,False,0.01,300,4,,,0.7584584676800246,0.00408256446846417,0.8179164368210604,0.022679585906668735
data/adult.csv,25,True,0.1,1e-06,True,True,1,0.01,2,False,1,False,0.01,300,4,,,0.7908060801473975,0.009129689077468625,0.8203860887248741,0.014546593449873645
data/adult.csv,25,True,0.1,1e-06,True,True,1,0.01,2,False,2,False,0.01,300,4,,,0.7941593735605711,0.009303188913618567,0.8271462052995117,0.013356250247131603
data/adult.csv,25,True,0.1,1e-06,True,True,1,0.01,2,False,4,False,0.01,300,4,,,0.8060064486411792,0.009120595372396642,0.8455508182874071,0.013082117719770463
data/adult.csv,25,True,0.1,1e-06,True,True,1,0.02,2,False,1,False,0.01,300,4,,,0.7833195148165207,0.010344138908564242,0.8135006615786574,0.0177061527696118
data/adult.csv,25,True,0.1,1e-06,True,True,1,0.02,2,False,2,False,0.01,300,4,,,0.787919545524336,0.010361557647915784,0.8207123681142514,0.015713994561840333
data/adult.csv,25,True,0.1,1e-06,True,True,1,0.02,2,False,4,False,0.01,300,4,,,0.7975310916628282,0.011425017495946656,0.8311777459612485,0.012423276735146878
data/adult.csv,25,True,0.1,1e-06,True,True,1,0.05,2,False,1,False,0.01,300,4,,,0.7629847996315062,0.009674542848320486,0.7741886283713368,0.028735059322042324
data/adult.csv,25,True,0.1,1e-06,True,True,1,0.05,2,False,2,False,0.01,300,4,,,0.7668539843390143,0.009399312593889594,0.8014618361472066,0.024022544639411062
data/adult.csv,25,True,0.1,1e-06,True,True,1,0.05,2,False,4,False,0.01,300,4,,,0.7884108705665591,0.011784675286971398,0.8254652750933817,0.009815526814008668
data/adult.csv,25,True,0.1,1e-06,True,True,1,0.1,2,False,1,False,0.01,300,4,,,0.758765545831414,0.004933873499748065,0.7390394699248154,0.03327217251362257
data/adult.csv,25,True,0.1,1e-06,True,True,1,0.1,2,False,2,False,0.01,300,4,,,0.7618793182865039,0.00846425929595166,0.7712882588999515,0.022985924601481737
data/adult.csv,25,True,0.1,1e-06,True,True,1,0.1,2,False,4,False,0.01,300,4,,,0.7648027022877321,0.008841790537449557,0.7945999724141667,0.015118289745027292
data/adult.csv,25,True,0.1,1e-06,True,True,1,0.2,2,False,1,False,0.01,300,4,,,0.7589989252264702,0.005179504575152157,0.6994015051401894,0.03939406682060415
data/adult.csv,25,True,0.1,1e-06,True,True,1,0.2,2,False,2,False,0.01,300,4,,,0.7601412559496391,0.005484763084055667,0.7396493427402911,0.024951236622817823
data/adult.csv,25,True,0.1,1e-06,True,True,1,0.2,2,False,4,False,0.01,300,4,,,0.7599570090588056,0.0054353700241429785,0.7688416581506278,0.026970077892438122
data/adult.csv,25,True,0.1,1e-06,False,True,1,0.01,2,False,1,False,0.01,300,8,,,0.766331951481652,0.006960631976177679,0.8460627983723231,0.017035091118292753
data/adult.csv,25,True,0.1,1e-06,False,True,1,0.01,2,False,2,False,0.01,300,8,,,0.7955166589897129,0.01107339312477595,0.8617739057659365,0.011044277845905861
data/adult.csv,25,True,0.1,1e-06,False,True,1,0.01,2,False,4,False,0.01,300,8,,,0.8068232765238753,0.006859699773198729,0.8636656963559445,0.009157072517486724
data/adult.csv,25,True,0.1,1e-06,False,True,1,0.02,2,False,1,False,0.01,300,8,,,0.7604483341010286,0.004636371650571431,0.8286065217840247,0.01538189115916255
data/adult.csv,25,True,0.1,1e-06,False,True,1,0.02,2,False,2,False,0.01,300,8,,,0.7683525257177952,0.008667279599008612,0.8470470800793446,0.014300031168736101
data/adult.csv,25,True,0.1,1e-06,False,True,1,0.02,2,False,4,False,0.01,300,8,,,0.7936311991401811,0.009970815754000608,0.8625535425753719,0.008208781007805416
data/adult.csv,25,True,0.1,1e-06,False,True,1,0.05,2,False,1,False,0.01,300,8,,,0.758065407646246,0.0037026851404254875,0.7964922078600124,0.03753532922669162
data/adult.csv,25,True,0.1,1e-06,False,True,1,0.05,2,False,2,False,0.01,300,8,,,0.761437125748503,0.0054281272912498,0.8363423850419133,0.019572846893533197
data/adult.csv,25,True,0.1,1e-06,False,True,1,0.05,2,False,4,False,0.01,300,8,,,0.7648579763549823,0.00805647138639216,0.84635759209676,0.011960596350287126
data/adult.csv,25,True,0.1,1e-06,False,True,1,0.1,2,False,1,False,0.01,300,8,,,0.7591094733609702,0.006339646098541549,0.7929285297001659,0.03215948180805205
data/adult.csv,25,True,0.1,1e-06,False,True,1,0.1,2,False,2,False,0.01,300,8,,,0.760994933210502,0.004552816519717094,0.8133243907415577,0.021468417303275436
data/adult.csv,25,True,0.1,1e-06,False,True,1,0.1,2,False,4,False,0.01,300,8,,,0.7604114847228621,0.005345820515699625,0.8292512872447381,0.020903430063575045
data/adult.csv,25,True,0.1,1e-06,False,True,1,0.2,2,False,1,False,0.01,300,8,,,0.759005066789498,0.004765947881243369,0.792031570897837,0.036906699172437385
data/adult.csv,25,True,0.1,1e-06,False,True,1,0.2,2,False,2,False,0.01,300,8,,,0.7594779671426377,0.0041272308849885685,0.7939872271357251,0.029402873108517823
data/adult.csv,25,True,0.1,1e-06,False,True,1,0.2,2,False,4,False,0.01,300,8,,,0.7609212344541686,0.005227606671333042,0.8117510825954417,0.020448864516062534
data/adult.csv,25,True,0.1,1e-06,True,True,1,0.01,2,False,1,False,0.01,300,8,,,0.7722708429295255,0.005860930634603329,0.8044189074736355,0.016792893944253633
data/adult.csv,25,True,0.1,1e-06,True,True,1,0.01,2,False,2,False,0.01,300,8,,,0.7789467219407338,0.00915489739667,0.8199149093339753,0.013530977849443803
data/adult.csv,25,True,0.1,1e-06,True,True,1,0.01,2,False,4,False,0.01,300,8,,,0.7873606632888069,0.008005606914482155,0.8339281094514813,0.01155484704075709
data/adult.csv,25,True,0.1,1e-06,True,True,1,0.02,2,False,1,False,0.01,300,8,,,0.7630155074466453,0.00691807206928218,0.7804318023986565,0.02799824338755341
data/adult.csv,25,True,0.1,1e-06,True,True,1,0.02,2,False,2,False,0.01,300,8,,,0.7655703976662062,0.008964439649029996,0.8029022175962623,0.023822388615128084
data/adult.csv,25,True,0.1,1e-06,True,True,1,0.02,2,False,4,False,0.01,300,8,,,0.7791125441424843,0.010804166738874322,0.8273761239068307,0.010847727751903263
data/adult.csv,25,True,0.1,1e-06,True,True,1,0.05,2,False,1,False,0.01,300,8,,,0.7637709196990633,0.010705457854322406,0.7475326367739697,0.0361662863007512
data/adult.csv,25,True,0.1,1e-06,True,True,1,0.05,2,False,2,False,0.01,300,8,,,0.7657300783049286,0.006895255099911864,0.7862110091452683,0.02369188128790484
data/adult.csv,25,True,0.1,1e-06,True,True,1,0.05,2,False,4,False,0.01,300,8,,,0.7673453093812377,0.007352905381106993,0.8148604273183337,0.01676037715993905
data/adult.csv,25,True,0.1,1e-06,True,True,1,0.1,2,False,1,False,0.01,300,8,,,0.7642131122370642,0.009424019842803994,0.7176577752840533,0.05254645243057875
data/adult.csv,25,True,0.1,1e-06,True,True,1,0.1,2,False,2,False,0.01,300,8,,,0.7658037770612621,0.008159352521223939,0.7526948727024722,0.0259402153334846
data/adult.csv,25,True,0.1,1e-06,True,True,1,0.1,2,False,4,False,0.01,300,8,,,0.7612160294795025,0.005689322029164278,0.7698056509231034,0.03294999846586198
data/adult.csv,25,True,0.1,1e-06,True,True,1,0.2,2,False,1,False,0.01,300,8,,,0.7695255642561031,0.0134020472972462,0.7151479702840207,0.04099770547225961
data/adult.csv,25,True,0.1,1e-06,True,True,1,0.2,2,False,2,False,0.01,300,8,,,0.7679533241209888,0.013017268489714148,0.7153115562848533,0.04558804632425116
data/adult.csv,25,True,0.1,1e-06,True,True,1,0.2,2,False,4,False,0.01,300,8,,,0.7668846921541532,0.008874029407410685,0.7614864483010935,0.03490270369455963
data/adult.csv,25,True,0.1,1e-06,False,True,1,0.01,2,False,1,False,0.01,300,16,,,0.765951174573929,0.006772431626764464,0.8415385245519862,0.020008210485729167
data/adult.csv,25,True,0.1,1e-06,False,True,1,0.01,2,False,2,False,0.01,300,16,,,0.7888407799785045,0.011038126512164946,0.8596146429109285,0.00871567421526926
data/adult.csv,25,True,0.1,1e-06,False,True,1,0.01,2,False,4,False,0.01,300,16,,,0.8079533241209887,0.00793843052031946,0.8637937686421321,0.008531096130955996
data/adult.csv,25,True,0.1,1e-06,False,True,1,0.02,2,False,1,False,0.01,300,16,,,0.7633532934131736,0.006999431364363862,0.8310550123044247,0.018367231072816168
data/adult.csv,25,True,0.1,1e-06,False,True,1,0.02,2,False,2,False,0.01,300,16,,,0.7691263626592968,0.008841261541579867,0.8453451551982747,0.015225529378101305
data/adult.csv,25,True,0.1,1e-06,False,True,1,0.02,2,False,4,False,0.01,300,16,,,0.7945524335943497,0.011267460231552881,0.8607806955660575,0.00816781476066793
data/adult.csv,25,True,0.1,1e-06,False,True,1,0.05,2,False,1,False,0.01,300,16,,,0.759563949025027,0.005425208023754881,0.8106010844105568,0.02075502133084473
data/adult.csv,25,True,0.1,1e-06,False,True,1,0.05,2,False,2,False,0.01,300,16,,,0.7607369875633349,0.004912044992616653,0.8293212922989145,0.020067611625645066
data/adult.csv,25,True,0.1,1e-06,False,True,1,0.05,2,False,4,False,0.01,300,16,,,0.7654905573468447,0.006936824073418106,0.843707382876003,0.016810759135336497
data/adult.csv,25,True,0.1,1e-06,False,True,1,0.1,2,False,1,False,0.01,300,16,,,0.760736987563335,0.008937052607273703,0.7969790771184185,0.03249475684475079
data/adult.csv,25,True,0.1,1e-06,False,True,1,0.1,2,False,2,False,0.01,300,16,,,0.7603684937816675,0.005314052844277841,0.8180189968658282,0.02916505882748992
data/adult.csv,25,True,0.1,1e-06,False,True,1,0.1,2,False,4,False,0.01,300,16,,,0.7606080147397511,0.004458174096539404,0.8269036878164228,0.028121626778946755
data/adult.csv,25,True,0.1,1e-06,False,True,1,0.2,2,False,1,False,0.01,300,16,,,0.7612221710425302,0.003699923466974133,0.7868763876889503,0.03837567607503738
data/adult.csv,25,True,0.1,1e-06,False,True,1,0.2,2,False,2,False,0.01,300,16,,,0.7603009365883616,0.005072960802093166,0.8046632001960851,0.021399836380478925
data/adult.csv,25,True,0.1,1e-06,False,True,1,0.2,2,False,4,False,0.01,300,16,,,0.7592015968063872,0.005830559420338121,0.811480316813315,0.026153227891471214
data/adult.csv,25,True,0.1,1e-06,True,True,1,0.01,2,False,1,False,0.01,300,16,,,0.7627944111776448,0.008880126737233401,0.7425812818875289,0.05519125714662357
data/adult.csv,25,True,0.1,1e-06,True,True,1,0.01,2,False,2,False,0.01,300,16,,,0.7607738369415017,0.005863169807019363,0.7552151671234039,0.030242257339044686
data/adult.csv,25,True,0.1,1e-06,True,True,1,0.01,2,False,4,False,0.01,300,16,,,0.7615046829418087,0.004534104313745778,0.7919567196987082,0.028418451558526906
data/adult.csv,25,True,0.1,1e-06,True,True,1,0.02,2,False,1,False,0.01,300,16,,,0.7596867802855826,0.006071095812545454,0.7278877506472593,0.045371453780109545
data/adult.csv,25,True,0.1,1e-06,True,True,1,0.02,2,False,2,False,0.01,300,16,,,0.7589805005373867,0.004714480762097043,0.7428135798018871,0.04967904194756157
data/adult.csv,25,True,0.1,1e-06,True,True,1,0.02,2,False,4,False,0.01,300,16,,,0.7596990634116384,0.005571572361733541,0.7781353693833937,0.029696723488433035
data/adult.csv,25,True,0.1,1e-06,True,True,1,0.05,2,False,1,False,0.01,300,16,,,0.7605220328573623,0.009605168962739951,0.7177226085787456,0.06169086310741331
data/adult.csv,25,True,0.1,1e-06,True,True,1,0.05,2,False,2,False,0.01,300,16,,,0.7594165515123599,0.004069664929049467,0.7422024678376499,0.03537832140207033
data/adult.csv,25,True,0.1,1e-06,True,True,1,0.05,2,False,4,False,0.01,300,16,,,0.757948717948718,0.005653928393815519,0.7413512016597713,0.049199960676496214
data/adult.csv,25,True,0.1,1e-06,True,True,1,0.1,2,False,1,False,0.01,300,16,,,0.7652019038845387,0.012409246568799989,0.7138831369438359,0.05433892285063378
data/adult.csv,25,True,0.1,1e-06,True,True,1,0.1,2,False,2,False,0.01,300,16,,,0.7592752955627208,0.0055100945255972715,0.7274702140467637,0.03932747022129741
data/adult.csv,25,True,0.1,1e-06,True,True,1,0.1,2,False,4,False,0.01,300,16,,,0.7598034699831107,0.005435370024142975,0.7467213784786328,0.041357466119761495
data/adult.csv,25,True,0.1,1e-06,True,True,1,0.2,2,False,1,False,0.01,300,16,,,0.7601965300168892,0.005863774494271687,0.7073613256783033,0.04798976756334957
data/adult.csv,25,True,0.1,1e-06,True,True,1,0.2,2,False,2,False,0.01,300,16,,,0.7620205742361431,0.006951978071714613,0.7128111521509688,0.03832196645566023
data/adult.csv,25,True,0.1,1e-06,True,True,1,0.2,2,False,4,False,0.01,300,16,,,0.7598771687394442,0.00466272059894166,0.7216996706749529,0.038381550585110336
data/adult.csv,25,True,0.5,0.0,False,True,1,0.01,2,False,1,False,0.01,300,3,,,0.7639367419008138,0.014005263204180423,0.712307751272464,0.04450426976412931
data/adult.csv,25,True,0.5,0.0,False,True,1,0.01,2,False,2,False,0.01,300,3,,,0.7539996929218487,0.019769728590672317,0.6954644402150657,0.048736274552449055
data/adult.csv,25,True,0.5,0.0,False,True,1,0.01,2,False,4,False,0.01,300,3,,,0.7502779057270075,0.017656917869782865,0.7120630727417867,0.03934079570529713
data/adult.csv,25,True,0.5,0.0,False,True,1,0.02,2,False,1,False,0.01,300,3,,,0.7632120374635345,0.0127782152032699,0.6959629301626746,0.051926344904965525
data/adult.csv,25,True,0.5,0.0,False,True,1,0.02,2,False,2,False,0.01,300,3,,,0.7521817902656227,0.017500355559189523,0.6810663476069456,0.04547356771414368
data/adult.csv,25,True,0.5,0.0,False,True,1,0.02,2,False,4,False,0.01,300,3,,,0.7502840472900353,0.014021875703394037,0.7059166776702059,0.0369983021022517
data/adult.csv,25,True,0.5,0.0,False,True,1,0.05,2,False,1,False,0.01,300,3,,,0.7597236296637494,0.012424635497697536,0.6651389157182436,0.06365770451518472
data/adult.csv,25,True,0.5,0.0,False,True,1,0.05,2,False,2,False,0.01,300,3,,,0.7576784891754952,0.00957682972119247,0.6603616723007691,0.04547750148413111
data/adult.csv,25,True,0.5,0.0,False,True,1,0.05,2,False,4,False,0.01,300,3,,,0.7490864424996161,0.016086792420729662,0.666748270009904,0.0419953829794709
data/adult.csv,25,True,0.5,0.0,False,True,1,0.1,2,False,1,False,0.01,300,3,,,0.7591770305542761,0.01273727598165724,0.6484777765665096,0.09003071162807069
data/adult.csv,25,True,0.5,0.0,False,True,1,0.1,2,False,2,False,0.01,300,3,,,0.7535759250729313,0.012140775013074258,0.6285922634378788,0.06748716975252488
data/adult.csv,25,True,0.5,0.0,False,True,1,0.1,2,False,4,False,0.01,300,3,,,0.7488530631045601,0.01552835156963308,0.6429964209034967,0.04490650455351932
data/adult.csv,25,True,0.5,0.0,False,True,1,0.2,2,False,1,False,0.01,300,3,,,0.7606755719330569,0.011313279217607277,0.6286371359570098,0.07322730940797006
data/adult.csv,25,True,0.5,0.0,False,True,1,0.2,2,False,2,False,0.01,300,3,,,0.7574696760325503,0.014506639684999762,0.6113719851604711,0.06812138270055879
data/adult.csv,25,True,0.5,0.0,False,True,1,0.2,2,False,4,False,0.01,300,3,,,0.7456717334561646,0.015260584186002478,0.6206179775157841,0.06920534070088721
data/adult.csv,25,True,0.5,0.0,True,True,1,0.01,2,False,1,False,0.01,300,3,,,0.7298387839705205,0.01924716664906459,0.6905749771421492,0.04418773666746526
data/adult.csv,25,True,0.5,0.0,True,True,1,0.01,2,False,2,False,0.01,300,3,,,0.7314171656686627,0.019042981576728533,0.7062663810771044,0.033654230623392595
data/adult.csv,25,True,0.5,0.0,True,True,1,0.01,2,False,4,False,0.01,300,3,,,0.7247044372792877,0.023460087467129062,0.6823318179453253,0.04771933042729808
data/adult.csv,25,True,0.5,0.0,True,True,1,0.02,2,False,1,False,0.01,300,3,,,0.7238261937663135,0.019641315810235562,0.6841680996580294,0.03848869670110506
data/adult.csv,25,True,0.5,0.0,True,True,1,0.02,2,False,2,False,0.01,300,3,,,0.7294580070627975,0.02283713930269291,0.6933080393664375,0.03963061631979474
data/adult.csv,25,True,0.5,0.0,True,True,1,0.02,2,False,4,False,0.01,300,3,,,0.7323936741900813,0.02772002211618635,0.703090384983662,0.042092896294117686
data/adult.csv,25,True,0.5,0.0,True,True,1,0.05,2,False,1,False,0.01,300,3,,,0.7413849224627667,0.024599044595746935,0.7170702478715174,0.04490167545567777
data/adult.csv,25,True,0.5,0.0,True,True,1,0.05,2,False,2,False,0.01,300,3,,,0.7308275756179948,0.01870881393032554,0.6915990586050746,0.04683940820621234
data/adult.csv,25,True,0.5,0.0,True,True,1,0.05,2,False,4,False,0.01,300,3,,,0.7279778903731,0.019218074377120812,0.696848634265681,0.033952045183460906
data/adult.csv,25,True,0.5,0.0,True,True,1,0.1,2,False,1,False,0.01,300,3,,,0.7417042837402118,0.01971602056548646,0.7033989976405427,0.04418858738069929
data/adult.csv,25,True,0.5,0.0,True,True,1,0.1,2,False,2,False,0.01,300,3,,,0.7332105020727776,0.02404431729898697,0.6988113757362945,0.041199200567805565
data/adult.csv,25,True,0.5,0.0,True,True,1,0.1,2,False,4,False,0.01,300,3,,,0.7393213572854291,0.01962688268988066,0.7093133369356869,0.029999431681572934
data/adult.csv,25,True,0.5,0.0,True,True,1,0.2,2,False,1,False,0.01,300,3,,,0.7511807154920928,0.016786930953600586,0.7170734138841067,0.03900341949968917
data/adult.csv,25,True,0.5,0.0,True,True,1,0.2,2,False,2,False,0.01,300,3,,,0.7428343313373255,0.0207316153871454,0.7066029822509392,0.04114653521306304
data/adult.csv,25,True,0.5,0.0,True,True,1,0.2,2,False,4,False,0.01,300,3,,,0.7456410256410255,0.017234547795324084,0.7198488584508715,0.039178750819551265
data/adult.csv,25,True,0.5,0.0,False,True,1,0.01,2,False,1,False,0.01,300,4,,,0.7621004145555043,0.010936128683287919,0.7035307381634196,0.040885245640193274
data/adult.csv,25,True,0.5,0.0,False,True,1,0.01,2,False,2,False,0.01,300,4,,,0.7588023952095808,0.016467460340856187,0.7187142853040237,0.03849074086265797
data/adult.csv,25,True,0.5,0.0,False,True,1,0.01,2,False,4,False,0.01,300,4,,,0.7431291263626594,0.023422918169402857,0.7051000025815454,0.039224327900326636
data/adult.csv,25,True,0.5,0.0,False,True,1,0.02,2,False,1,False,0.01,300,4,,,0.7603132197144175,0.00899051410778715,0.6876572806689452,0.047755490522563754
data/adult.csv,25,True,0.5,0.0,False,True,1,0.02,2,False,2,False,0.01,300,4,,,0.7515430677107325,0.013887267770067997,0.6789306020134224,0.04492941433675663
data/adult.csv,25,True,0.5,0.0,False,True,1,0.02,2,False,4,False,0.01,300,4,,,0.7528389375095962,0.01930372885320746,0.700091968205681,0.049084529480740116
data/adult.csv,25,True,0.5,0.0,False,True,1,0.05,2,False,1,False,0.01,300,4,,,0.7633348687240903,0.007916782053238446,0.6908839817535045,0.056497171330170286
data/adult.csv,25,True,0.5,0.0,False,True,1,0.05,2,False,2,False,0.01,300,4,,,0.7549516351911563,0.015398798186909144,0.6690416091176256,0.046372271361042716
data/adult.csv,25,True,0.5,0.0,False,True,1,0.05,2,False,4,False,0.01,300,4,,,0.7473852295409182,0.012471495885580443,0.6661458935573282,0.03518318531365712
data/adult.csv,25,True,0.5,0.0,False,True,1,0.1,2,False,1,False,0.01,300,4,,,0.7598833103024719,0.011139136242016234,0.6530691502284506,0.07411620503861947
data/adult.csv,25,True,0.5,0.0,False,True,1,0.1,2,False,2,False,0.01,300,4,,,0.7535390756947643,0.013423565853308209,0.6378790002903985,0.08392749184952575
data/adult.csv,25,True,0.5,0.0,False,True,1,0.1,2,False,4,False,0.01,300,4,,,0.7477045908183634,0.013692518011919692,0.6446969006541464,0.04738001500291077
data/adult.csv,25,True,0.5,0.0,False,True,1,0.2,2,False,1,False,0.01,300,4,,,0.7586549976969138,0.009957320512151915,0.6498432083241736,0.0673426923255991
data/adult.csv,25,True,0.5,0.0,False,True,1,0.2,2,False,2,False,0.01,300,4,,,0.7597481959158605,0.007991502251078609,0.6475042534185146,0.05782819422741066
data/adult.csv,25,True,0.5,0.0,False,True,1,0.2,2,False,4,False,0.01,300,4,,,0.7478274220789192,0.012681695635601457,0.6152314904129216,0.06434787268250668
data/adult.csv,25,True,0.5,0.0,True,True,1,0.01,2,False,1,False,0.01,300,4,,,0.7269215415323201,0.026047145716545737,0.7026870113078411,0.052829484137061074
data/adult.csv,25,True,0.5,0.0,True,True,1,0.01,2,False,2,False,0.01,300,4,,,0.7301581452479655,0.019052714323698695,0.6950415791819328,0.030867588573827178
data/adult.csv,25,True,0.5,0.0,True,True,1,0.01,2,False,4,False,0.01,300,4,,,0.7295501305082144,0.017353153431247586,0.7023298497838003,0.02635751397136717
data/adult.csv,25,True,0.5,0.0,True,True,1,0.02,2,False,1,False,0.01,300,4,,,0.7238876093965915,0.01948341153625487,0.6904367191333571,0.04077840681398054
data/adult.csv,25,True,0.5,0.0,True,True,1,0.02,2,False,2,False,0.01,300,4,,,0.7306494702901888,0.023208466933154804,0.6935652075419994,0.04654763554545597
data/adult.csv,25,True,0.5,0.0,True,True,1,0.02,2,False,4,False,0.01,300,4,,,0.72856133886074,0.022426349437277105,0.6976603662098276,0.03638877509025355
data/adult.csv,25,True,0.5,0.0,True,True,1,0.05,2,False,1,False,0.01,300,4,,,0.7365208045447567,0.01703962688812855,0.7055960798705702,0.038356893169105274
data/adult.csv,25,True,0.5,0.0,True,True,1,0.05,2,False,2,False,0.01,300,4,,,0.726043298019346,0.019635457776665685,0.6868682591637988,0.04393285426020086
data/adult.csv,25,True,0.5,0.0,True,True,1,0.05,2,False,4,False,0.01,300,4,,,0.7286841701212958,0.022687440905272832,0.693635433559634,0.04691485261123781
data/adult.csv,25,True,0.5,0.0,True,True,1,0.1,2,False,1,False,0.01,300,4,,,0.7326454782742208,0.021222033965528932,0.6989734340992306,0.03864171847474786
data/adult.csv,25,True,0.5,0.0,True,True,1,0.1,2,False,2,False,0.01,300,4,,,0.7306494702901888,0.018418726708123487,0.7011532040466263,0.028906800007668126
data/adult.csv,25,True,0.5,0.0,True,True,1,0.1,2,False,4,False,0.01,300,4,,,0.7256932289267618,0.02396760532007139,0.6931364141913747,0.04010550590440134
data/adult.csv,25,True,0.5,0.0,True,True,1,0.2,2,False,1,False,0.01,300,4,,,0.7515983417779825,0.014167567598966936,0.7108660774703391,0.029963209638455075
data/adult.csv,25,True,0.5,0.0,True,True,1,0.2,2,False,2,False,0.01,300,4,,,0.7445478274220788,0.01960665885664243,0.7090797920427068,0.03255260014305699
data/adult.csv,25,True,0.5,0.0,True,True,1,0.2,2,False,4,False,0.01,300,4,,,0.7426623675725472,0.013936780382791825,0.7120883478942176,0.03261112757353925
data/adult.csv,25,True,0.5,0.0,False,True,1,0.01,2,False,1,False,0.01,300,8,,,0.7620267157991708,0.016043234467061736,0.7042972423289419,0.05289027756132632
data/adult.csv,25,True,0.5,0.0,False,True,1,0.01,2,False,2,False,0.01,300,8,,,0.7535943497620146,0.018619355472048568,0.7062648567621728,0.03792165455675848
data/adult.csv,25,True,0.5,0.0,False,True,1,0.01,2,False,4,False,0.01,300,8,,,0.7381053278059266,0.01680862437635706,0.6957188235499675,0.036257394982607716
data/adult.csv,25,True,0.5,0.0,False,True,1,0.02,2,False,1,False,0.01,300,8,,,0.7604851834791956,0.01083524550075559,0.672154709801389,0.05933653270873789
data/adult.csv,25,True,0.5,0.0,False,True,1,0.02,2,False,2,False,0.01,300,8,,,0.7625118992783664,0.01720971165959518,0.7079878846355924,0.048713176493501806
data/adult.csv,25,True,0.5,0.0,False,True,1,0.02,2,False,4,False,0.01,300,8,,,0.7474650698602794,0.014920793080069819,0.6898769675954219,0.03727893188168795
data/adult.csv,25,True,0.5,0.0,False,True,1,0.05,2,False,1,False,0.01,300,8,,,0.761817902656226,0.013908675632494961,0.6568114535887846,0.08418845944742227
data/adult.csv,25,True,0.5,0.0,False,True,1,0.05,2,False,2,False,0.01,300,8,,,0.7508982035928145,0.011634412696313929,0.639580908799148,0.056731596645790215
data/adult.csv,25,True,0.5,0.0,False,True,1,0.05,2,False,4,False,0.01,300,8,,,0.751672040534316,0.01787299729996244,0.6614373634087065,0.053264320201513754
data/adult.csv,25,True,0.5,0.0,False,True,1,0.1,2,False,1,False,0.01,300,8,,,0.7578136035621066,0.01053451548609939,0.6631693830449424,0.06527925535111796
data/adult.csv,25,True,0.5,0.0,False,True,1,0.1,2,False,2,False,0.01,300,8,,,0.7535145094426531,0.01024572867178114,0.6402896530531309,0.05667568826745165
data/adult.csv,25,True,0.5,0.0,False,True,1,0.1,2,False,4,False,0.01,300,8,,,0.7433563641946875,0.014963381094097991,0.6273747842624343,0.052697469473490605
data/adult.csv,25,True,0.5,0.0,False,True,1,0.2,2,False,1,False,0.01,300,8,,,0.7604544756640564,0.012623316117933442,0.6489809930672642,0.06825580329031342
data/adult.csv,25,True,0.5,0.0,False,True,1,0.2,2,False,2,False,0.01,300,8,,,0.7525564256103179,0.014388045117223556,0.6185079341081199,0.06207906416210974
data/adult.csv,25,True,0.5,0.0,False,True,1,0.2,2,False,4,False,0.01,300,8,,,0.7446890833717181,0.014449564289842174,0.6057253106468936,0.0598206848953639
data/adult.csv,25,True,0.5,0.0,True,True,1,0.01,2,False,1,False,0.01,300,8,,,0.715307845846768,0.023029510170712655,0.6790472904356212,0.029579704715614656
data/adult.csv,25,True,0.5,0.0,True,True,1,0.01,2,False,2,False,0.01,300,8,,,0.7216090895132811,0.025752112053804895,0.6861273466456989,0.034420580986610265
data/adult.csv,25,True,0.5,0.0,True,True,1,0.01,2,False,4,False,0.01,300,8,,,0.7200000000000002,0.019272029064374026,0.6844621861923964,0.035955883416572236
data/adult.csv,25,True,0.5,0.0,True,True,1,0.02,2,False,1,False,0.01,300,8,,,0.7166037156456317,0.02150092185928202,0.6680622169957551,0.04258181060516009
data/adult.csv,25,True,0.5,0.0,True,True,1,0.02,2,False,2,False,0.01,300,8,,,0.7296115461384923,0.014996892101046521,0.6989205266999057,0.02729531665056711
data/adult.csv,25,True,0.5,0.0,True,True,1,0.02,2,False,4,False,0.01,300,8,,,0.7123967449715952,0.020862234217837033,0.6663831128720099,0.04401470951244152
data/adult.csv,25,True,0.5,0.0,True,True,1,0.05,2,False,1,False,0.01,300,8,,,0.7190603408567479,0.02129809052008873,0.6793105812720788,0.039048900631286264
data/adult.csv,25,True,0.5,0.0,True,True,1,0.05,2,False,2,False,0.01,300,8,,,0.724047290035314,0.017492489043065065,0.685674770964095,0.03471239097915848
data/adult.csv,25,True,0.5,0.0,True,True,1,0.05,2,False,4,False,0.01,300,8,,,0.7236849378166744,0.020299834542242594,0.6910227020231641,0.040672370705511676
data/adult.csv,25,True,0.5,0.0,True,True,1,0.1,2,False,1,False,0.01,300,8,,,0.7293044679871028,0.01447895334054525,0.6877439046152551,0.03642691908580314
data/adult.csv,25,True,0.5,0.0,True,True,1,0.1,2,False,2,False,0.01,300,8,,,0.7316751113158299,0.022275636209561613,0.6972043405821257,0.03818301200536564
data/adult.csv,25,True,0.5,0.0,True,True,1,0.1,2,False,4,False,0.01,300,8,,,0.7150376170735453,0.01929538362191045,0.6687325199943379,0.048164456495881476
data/adult.csv,25,True,0.5,0.0,True,True,1,0.2,2,False,1,False,0.01,300,8,,,0.7369875633348688,0.019302689316226338,0.688778374891895,0.03208978626126546
data/adult.csv,25,True,0.5,0.0,True,True,1,0.2,2,False,2,False,0.01,300,8,,,0.7327560264087211,0.022131115340269656,0.6893977918384622,0.041774641956162095
data/adult.csv,25,True,0.5,0.0,True,True,1,0.2,2,False,4,False,0.01,300,8,,,0.7299616152310763,0.022733461572987307,0.6974230225530872,0.03294431771525573
data/adult.csv,25,True,0.5,0.0,False,True,1,0.01,2,False,1,False,0.01,300,16,,,0.7652264701366497,0.012897349622922728,0.7105976871524274,0.052980258815816084
data/adult.csv,25,True,0.5,0.0,False,True,1,0.01,2,False,2,False,0.01,300,16,,,0.7550621833256563,0.017842774334962407,0.7009728453350977,0.050021615414210574
data/adult.csv,25,True,0.5,0.0,False,True,1,0.01,2,False,4,False,0.01,300,16,,,0.742435129740519,0.019713705573821946,0.6937647802618039,0.04026177177489548
data/adult.csv,25,True,0.5,0.0,False,True,1,0.02,2,False,1,False,0.01,300,16,,,0.7589497927222477,0.012912297051482856,0.6930005334724241,0.051593193729609396
data/adult.csv,25,True,0.5,0.0,False,True,1,0.02,2,False,2,False,0.01,300,16,,,0.7561676646706588,0.013906194031887475,0.6898568827980948,0.03784896511039203
data/adult.csv,25,True,0.5,0.0,False,True,1,0.02,2,False,4,False,0.01,300,16,,,0.7486442499616152,0.015478196164073884,0.6890902168824531,0.041776136626142574
data/adult.csv,25,True,0.5,0.0,False,True,1,0.05,2,False,1,False,0.01,300,16,,,0.7580961154613849,0.012164645841317651,0.6511788886544092,0.07213627917321064
data/adult.csv,25,True,0.5,0.0,False,True,1,0.05,2,False,2,False,0.01,300,16,,,0.7570827575617994,0.013149136642008185,0.6679203643619002,0.05210084310996419
data/adult.csv,25,True,0.5,0.0,False,True,1,0.05,2,False,4,False,0.01,300,16,,,0.746801781053278,0.013779696738481005,0.6703135568525072,0.036206940141720906
data/adult.csv,25,True,0.5,0.0,False,True,1,0.1,2,False,1,False,0.01,300,16,,,0.7592015968063873,0.006546128363737216,0.6342528674853787,0.07269993808093364
data/adult.csv,25,True,0.5,0.0,False,True,1,0.1,2,False,2,False,0.01,300,16,,,0.749940119760479,0.011922929991870092,0.6308516259367649,0.07125785428505473
data/adult.csv,25,True,0.5,0.0,False,True,1,0.1,2,False,4,False,0.01,300,16,,,0.7489881774911714,0.012950740620500362,0.6456482252635829,0.04220108632119378
data/adult.csv,25,True,0.5,0.0,False,True,1,0.2,2,False,1,False,0.01,300,16,,,0.7605957316136958,0.012725437156022559,0.618167652310969,0.07722041185245115
data/adult.csv,25,True,0.5,0.0,False,True,1,0.2,2,False,2,False,0.01,300,16,,,0.756044833410103,0.01091491740724458,0.6293804947876189,0.06128489066361159
data/adult.csv,25,True,0.5,0.0,False,True,1,0.2,2,False,4,False,0.01,300,16,,,0.7513035467526485,0.01143067473147715,0.61483327568688,0.05904550415328746
data/adult.csv,25,True,0.5,0.0,True,True,1,0.01,2,False,1,False,0.01,300,16,,,0.7219591586058652,0.01977704024474429,0.6824662152872715,0.036891750961808654
data/adult.csv,25,True,0.5,0.0,True,True,1,0.01,2,False,2,False,0.01,300,16,,,0.7138093044679872,0.01837151239108007,0.6698673621865061,0.026168509947901167
data/adult.csv,25,True,0.5,0.0,True,True,1,0.01,2,False,4,False,0.01,300,16,,,0.7191708889912483,0.01984858156503619,0.680142395722608,0.038878504643515194
data/adult.csv,25,True,0.5,0.0,True,True,1,0.02,2,False,1,False,0.01,300,16,,,0.7155719330569632,0.024279227592142287,0.6783648446430632,0.040898656487011215
data/adult.csv,25,True,0.5,0.0,True,True,1,0.02,2,False,2,False,0.01,300,16,,,0.7177399048057731,0.01458849925906801,0.6874124441081904,0.02969068134192774
data/adult.csv,25,True,0.5,0.0,True,True,1,0.02,2,False,4,False,0.01,300,16,,,0.7209949332105022,0.012957146496190628,0.6853326747273377,0.031121063141467304
data/adult.csv,25,True,0.5,0.0,True,True,1,0.05,2,False,1,False,0.01,300,16,,,0.7265469061876247,0.02219136332260765,0.6918887267606633,0.03599369043772271
data/adult.csv,25,True,0.5,0.0,True,True,1,0.05,2,False,2,False,0.01,300,16,,,0.7202272378320284,0.023094101413991763,0.6868096880382292,0.041639304456898
data/adult.csv,25,True,0.5,0.0,True,True,1,0.05,2,False,4,False,0.01,300,16,,,0.7151665898971289,0.03043016874383181,0.6727476289529575,0.050416764460085056
data/adult.csv,25,True,0.5,0.0,True,True,1,0.1,2,False,1,False,0.01,300,16,,,0.7221188392445878,0.023031421457952,0.6832029015802246,0.0381613497943854
data/adult.csv,25,True,0.5,0.0,True,True,1,0.1,2,False,2,False,0.01,300,16,,,0.7207369875633348,0.018718355703535732,0.6813093057349455,0.03242413674660044
data/adult.csv,25,True,0.5,0.0,True,True,1,0.1,2,False,4,False,0.01,300,16,,,0.7169169353600492,0.02169161111175837,0.6724395187127682,0.03858907308458547
data/adult.csv,25,True,0.5,0.0,True,True,1,0.2,2,False,1,False,0.01,300,16,,,0.7392353754030401,0.016733752135188934,0.6990293303044214,0.03907115530439708
data/adult.csv,25,True,0.5,0.0,True,True,1,0.2,2,False,2,False,0.01,300,16,,,0.7393950560417626,0.020569318638398226,0.7031507707284368,0.033608052157415705
data/adult.csv,25,True,0.5,0.0,True,True,1,0.2,2,False,4,False,0.01,300,16,,,0.7276646706586826,0.015289995646385555,0.6955043466607311,0.03147021820882751
data/adult.csv,25,True,0.5,1e-06,False,True,1,0.01,2,False,1,False,0.01,300,3,,,0.8022109626900047,0.007453464249164016,0.8845466245773922,0.006671797093964611
data/adult.csv,25,True,0.5,1e-06,False,True,1,0.01,2,False,2,False,0.01,300,3,,,0.816275142023645,0.005388849725784438,0.8901597858292313,0.005648307510510486
data/adult.csv,25,True,0.5,1e-06,False,True,1,0.01,2,False,4,False,0.01,300,3,,,0.8204943958237371,0.00574167497996899,0.8912153983807929,0.004660852647313711
data/adult.csv,25,True,0.5,1e-06,False,True,1,0.02,2,False,1,False,0.01,300,3,,,0.7957868877629357,0.008946412986426955,0.8861679255135774,0.0068464572614847586
data/adult.csv,25,True,0.5,1e-06,False,True,1,0.02,2,False,2,False,0.01,300,3,,,0.8101028711807154,0.009560739053792195,0.8912372746464711,0.004273312009607452
data/adult.csv,25,True,0.5,1e-06,False,True,1,0.02,2,False,4,False,0.01,300,3,,,0.8182220175034546,0.005115394818016415,0.8900335716087969,0.003797961266199004
data/adult.csv,25,True,0.5,1e-06,False,True,1,0.05,2,False,1,False,0.01,300,3,,,0.7806602180254875,0.01288734089293713,0.8790774139139705,0.008785730326501326
data/adult.csv,25,True,0.5,1e-06,False,True,1,0.05,2,False,2,False,0.01,300,3,,,0.7950683248886841,0.010127577097487355,0.8855132759738276,0.00735197836315255
data/adult.csv,25,True,0.5,1e-06,False,True,1,0.05,2,False,4,False,0.01,300,3,,,0.8102072777521879,0.007472836249173041,0.8902809877095761,0.004167376625605856
data/adult.csv,25,True,0.5,1e-06,False,True,1,0.1,2,False,1,False,0.01,300,3,,,0.7744142484262245,0.011075034817804775,0.8745276950655425,0.00887608396121205
data/adult.csv,25,True,0.5,1e-06,False,True,1,0.1,2,False,2,False,0.01,300,3,,,0.7820973437739904,0.00951575686091515,0.884469592790658,0.007630877748502581
data/adult.csv,25,True,0.5,1e-06,False,True,1,0.1,2,False,4,False,0.01,300,3,,,0.799588515277138,0.009186053892144549,0.8866973127532957,0.005271180775604944
data/adult.csv,25,True,0.5,1e-06,False,True,1,0.2,2,False,1,False,0.01,300,3,,,0.7711592200214955,0.010572329273116996,0.8793220454833792,0.008192098928779484
data/adult.csv,25,True,0.5,1e-06,False,True,1,0.2,2,False,2,False,0.01,300,3,,,0.7767234761246737,0.010628276037606747,0.8836114217465217,0.00712650007749887
data/adult.csv,25,True,0.5,1e-06,False,True,1,0.2,2,False,4,False,0.01,300,3,,,0.7835897435897436,0.010651860768747773,0.882737017585134,0.005213414515712649
data/adult.csv,25,True,0.5,1e-06,True,True,1,0.01,2,False,1,False,0.01,300,3,,,0.8254322124980809,0.005191433838188985,0.8902185138837936,0.004442444304479985
data/adult.csv,25,True,0.5,1e-06,True,True,1,0.01,2,False,2,False,0.01,300,3,,,0.8278826961461693,0.005506725559289772,0.889548995395711,0.0045364729853260965
data/adult.csv,25,True,0.5,1e-06,True,True,1,0.01,2,False,4,False,0.01,300,3,,,0.8304682941808692,0.0037404791180890365,0.8921397629440745,0.004200676972099959
data/adult.csv,25,True,0.5,1e-06,True,True,1,0.02,2,False,1,False,0.01,300,3,,,0.8241670505143559,0.005453555810714651,0.8880801726285157,0.004408806936378455
data/adult.csv,25,True,0.5,1e-06,True,True,1,0.02,2,False,2,False,0.01,300,3,,,0.8275879011208354,0.004749084485112763,0.8902545595033267,0.004267428926673759
data/adult.csv,25,True,0.5,1e-06,True,True,1,0.02,2,False,4,False,0.01,300,3,,,0.8295040687855058,0.004994733509431055,0.8906973791969415,0.004517818084576204
data/adult.csv,25,True,0.5,1e-06,True,True,1,0.05,2,False,1,False,0.01,300,3,,,0.8206663595885152,0.007733737485204061,0.883190151134666,0.005301643021906807
data/adult.csv,25,True,0.5,1e-06,True,True,1,0.05,2,False,2,False,0.01,300,3,,,0.8228097650852142,0.005500468331248206,0.8854077808624102,0.0032397746765184914
data/adult.csv,25,True,0.5,1e-06,True,True,1,0.05,2,False,4,False,0.01,300,3,,,0.825456778750192,0.005035707183313284,0.8886349912329979,0.00484676408683898
data/adult.csv,25,True,0.5,1e-06,True,True,1,0.1,2,False,1,False,0.01,300,3,,,0.8122585598034701,0.008348943876640988,0.8751463080846738,0.005394097523402296
data/adult.csv,25,True,0.5,1e-06,True,True,1,0.1,2,False,2,False,0.01,300,3,,,0.8193336404114848,0.006154403895273382,0.8793733206878914,0.007333198574994842
data/adult.csv,25,True,0.5,1e-06,True,True,1,0.1,2,False,4,False,0.01,300,3,,,0.8233440810686319,0.005831102804092256,0.8826827209279218,0.005036017824532333
data/adult.csv,25,True,0.5,1e-06,True,True,1,0.2,2,False,1,False,0.01,300,3,,,0.8072347612467372,0.011103932366708223,0.8691941337797897,0.008345209000349001
data/adult.csv,25,True,0.5,1e-06,True,True,1,0.2,2,False,2,False,0.01,300,3,,,0.8161461692000614,0.00678859163202683,0.8770383317160885,0.005709902286609302
data/adult.csv,25,True,0.5,1e-06,True,True,1,0.2,2,False,4,False,0.01,300,3,,,0.8182281590664825,0.007031260909261184,0.8750636972117215,0.006155102507587857
data/adult.csv,25,True,0.5,1e-06,False,True,1,0.01,2,False,1,False,0.01,300,4,,,0.8055826807922617,0.010124854220440805,0.8873503344633845,0.00626809070211967
data/adult.csv,25,True,0.5,1e-06,False,True,1,0.01,2,False,2,False,0.01,300,4,,,0.816127744510978,0.005037968736416816,0.8912579899581654,0.0049687447621285605
data/adult.csv,25,True,0.5,1e-06,False,True,1,0.01,2,False,4,False,0.01,300,4,,,0.8198372485797634,0.004831579773429607,0.8907427302564348,0.005136419341756782
data/adult.csv,25,True,0.5,1e-06,False,True,1,0.02,2,False,1,False,0.01,300,4,,,0.796014125594964,0.012302309601362913,0.8859594964496599,0.007386196194485138
data/adult.csv,25,True,0.5,1e-06,False,True,1,0.02,2,False,2,False,0.01,300,4,,,0.8114601566098572,0.008217709682715912,0.8896342757692461,0.005596057632160358
data/adult.csv,25,True,0.5,1e-06,False,True,1,0.02,2,False,4,False,0.01,300,4,,,0.8174297558728698,0.0061407829997511066,0.8921647221399246,0.004217702061213378
data/adult.csv,25,True,0.5,1e-06,False,True,1,0.05,2,False,1,False,0.01,300,4,,,0.7819253800092124,0.00965024249998444,0.8800386475512936,0.008290691801180342
data/adult.csv,25,True,0.5,1e-06,False,True,1,0.05,2,False,2,False,0.01,300,4,,,0.7967511131582988,0.007787598788715283,0.8874198203623124,0.0042952048010768806
data/adult.csv,25,True,0.5,1e-06,False,True,1,0.05,2,False,4,False,0.01,300,4,,,0.8112820512820513,0.0072696911331131,0.8921927536205614,0.005313962692532691
data/adult.csv,25,True,0.5,1e-06,False,True,1,0.1,2,False,1,False,0.01,300,4,,,0.780383847689237,0.008402376502778837,0.8788676264600207,0.007752251535003772
data/adult.csv,25,True,0.5,1e-06,False,True,1,0.1,2,False,2,False,0.01,300,4,,,0.7818332565637955,0.013373521081975086,0.8838959745077123,0.007379214128811618
data/adult.csv,25,True,0.5,1e-06,False,True,1,0.1,2,False,4,False,0.01,300,4,,,0.7942085060647933,0.009054142923848511,0.8872653333839453,0.004940299138001097
data/adult.csv,25,True,0.5,1e-06,False,True,1,0.2,2,False,1,False,0.01,300,4,,,0.7666513127590971,0.008148167000380839,0.8780393845125346,0.008097081612186021
data/adult.csv,25,True,0.5,1e-06,False,True,1,0.2,2,False,2,False,0.01,300,4,,,0.7767848917549517,0.010580970255448163,0.8818486518557446,0.008641952973691726
data/adult.csv,25,True,0.5,1e-06,False,True,1,0.2,2,False,4,False,0.01,300,4,,,0.7841609089513281,0.008660396573662042,0.8865610589512016,0.0056953461714704025
data/adult.csv,25,True,0.5,1e-06,True,True,1,0.01,2,False,1,False,0.01,300,4,,,0.8260095194226931,0.006597250881543581,0.892454167937192,0.006670178597538572
data/adult.csv,25,True,0.5,1e-06,True,True,1,0.01,2,False,2,False,0.01,300,4,,,0.8291478581298941,0.004943344042917544,0.8917872729348582,0.004358456872702838
data/adult.csv,25,True,0.5,1e-06,True,True,1,0.01,2,False,4,False,0.01,300,4,,,0.8314570858283433,0.004576292873439352,0.8921116072774811,0.004601115924235342
data/adult.csv,25,True,0.5,1e-06,True,True,1,0.02,2,False,1,False,0.01,300,4,,,0.8230124366651311,0.0062753011207193395,0.8881199360209296,0.006250570439214135
data/adult.csv,25,True,0.5,1e-06,True,True,1,0.02,2,False,2,False,0.01,300,4,,,0.8266236757254721,0.004984323952642035,0.8908843942571022,0.0049227409779241706
data/adult.csv,25,True,0.5,1e-06,True,True,1,0.02,2,False,4,False,0.01,300,4,,,0.8290434515584215,0.00505926142126813,0.8923822456520809,0.0051521243808962695
data/adult.csv,25,True,0.5,1e-06,True,True,1,0.05,2,False,1,False,0.01,300,4,,,0.8158636573007831,0.013074284235256627,0.8862085633424749,0.007594560713409826
data/adult.csv,25,True,0.5,1e-06,True,True,1,0.05,2,False,2,False,0.01,300,4,,,0.822785198833103,0.004950153138748541,0.8891376125842925,0.005528347564778599
data/adult.csv,25,True,0.5,1e-06,True,True,1,0.05,2,False,4,False,0.01,300,4,,,0.8254322124980807,0.006452658264940446,0.890069302673504,0.0051197177133689405
data/adult.csv,25,True,0.5,1e-06,True,True,1,0.1,2,False,1,False,0.01,300,4,,,0.806190695532013,0.008227462108803613,0.8812206095742486,0.007263649239730347
data/adult.csv,25,True,0.5,1e-06,True,True,1,0.1,2,False,2,False,0.01,300,4,,,0.8158390910486719,0.006769952762788066,0.8837202426646324,0.006128029600701249
data/adult.csv,25,True,0.5,1e-06,True,True,1,0.1,2,False,4,False,0.01,300,4,,,0.824363580531245,0.004892463319810415,0.8859763874642239,0.006604877980297214
data/adult.csv,25,True,0.5,1e-06,True,True,1,0.2,2,False,1,False,0.01,300,4,,,0.797451251343467,0.008884381764498975,0.8770164388865592,0.0077776017728091165
data/adult.csv,25,True,0.5,1e-06,True,True,1,0.2,2,False,2,False,0.01,300,4,,,0.8019714417319207,0.01015229162467455,0.8786705029808222,0.004303783664287006
data/adult.csv,25,True,0.5,1e-06,True,True,1,0.2,2,False,4,False,0.01,300,4,,,0.815832949485644,0.008141581738769457,0.8813947350797895,0.005574223339348193
data/adult.csv,25,True,0.5,1e-06,False,True,1,0.01,2,False,1,False,0.01,300,8,,,0.8063012436665131,0.0059728208187849975,0.887314070252117,0.005166323039302614
data/adult.csv,25,True,0.5,1e-06,False,True,1,0.01,2,False,2,False,0.01,300,8,,,0.8159680638722555,0.005916815097773156,0.8911731711489989,0.004146155662889297
data/adult.csv,25,True,0.5,1e-06,False,True,1,0.01,2,False,4,False,0.01,300,8,,,0.8190019960079841,0.006103626113021831,0.8922053906166824,0.004265496782488528
data/adult.csv,25,True,0.5,1e-06,False,True,1,0.02,2,False,1,False,0.01,300,8,,,0.7935943497620143,0.009697615534842446,0.8807473625297036,0.010037406631768593
data/adult.csv,25,True,0.5,1e-06,False,True,1,0.02,2,False,2,False,0.01,300,8,,,0.809120221096269,0.005569215950178416,0.8897856103737584,0.004259260047905773
data/adult.csv,25,True,0.5,1e-06,False,True,1,0.02,2,False,4,False,0.01,300,8,,,0.821145401504683,0.005739539559749211,0.8911266990279237,0.004063379732279906
data/adult.csv,25,True,0.5,1e-06,False,True,1,0.05,2,False,1,False,0.01,300,8,,,0.7824658375556579,0.011122674156521005,0.8787711274395185,0.0065165965382407605
data/adult.csv,25,True,0.5,1e-06,False,True,1,0.05,2,False,2,False,0.01,300,8,,,0.7998034699831106,0.006089804934900504,0.8876237276088388,0.006312566938391512
data/adult.csv,25,True,0.5,1e-06,False,True,1,0.05,2,False,4,False,0.01,300,8,,,0.8084937816674344,0.007868337003444336,0.889406095724802,0.0037569472030266754
data/adult.csv,25,True,0.5,1e-06,False,True,1,0.1,2,False,1,False,0.01,300,8,,,0.7756057116536158,0.007168301240993926,0.8809899481108049,0.008193279463804524
data/adult.csv,25,True,0.5,1e-06,False,True,1,0.1,2,False,2,False,0.01,300,8,,,0.7814770459081837,0.012822289337607186,0.883820527369434,0.007607483657221115
data/adult.csv,25,True,0.5,1e-06,False,True,1,0.1,2,False,4,False,0.01,300,8,,,0.7985628742514969,0.00857110956101655,0.8887013181921531,0.0061280227727691745
data/adult.csv,25,True,0.5,1e-06,False,True,1,0.2,2,False,1,False,0.01,300,8,,,0.7692307692307692,0.009867391506873999,0.8766388850797511,0.008267365826123384
data/adult.csv,25,True,0.5,1e-06,False,True,1,0.2,2,False,2,False,0.01,300,8,,,0.7739229233840013,0.011029371751068747,0.8844800199446051,0.009237318681256547
data/adult.csv,25,True,0.5,1e-06,False,True,1,0.2,2,False,4,False,0.01,300,8,,,0.7868754798096116,0.009153084387391045,0.8848753541649793,0.00548597723064976
data/adult.csv,25,True,0.5,1e-06,True,True,1,0.01,2,False,1,False,0.01,300,8,,,0.8072040534315983,0.008545573924201,0.8839883297368586,0.007218065936795736
data/adult.csv,25,True,0.5,1e-06,True,True,1,0.01,2,False,2,False,0.01,300,8,,,0.8124857976354981,0.009433500786697102,0.8850638481943833,0.006373418474410111
data/adult.csv,25,True,0.5,1e-06,True,True,1,0.01,2,False,4,False,0.01,300,8,,,0.8208567480423767,0.007134698996986241,0.8861260195174827,0.0069600684087114395
data/adult.csv,25,True,0.5,1e-06,True,True,1,0.02,2,False,1,False,0.01,300,8,,,0.8013327191770305,0.009573741402185565,0.881956315453699,0.0066637463323902316
data/adult.csv,25,True,0.5,1e-06,True,True,1,0.02,2,False,2,False,0.01,300,8,,,0.8091325042223246,0.009630542665318154,0.8838362423550238,0.0070510303381707
data/adult.csv,25,True,0.5,1e-06,True,True,1,0.02,2,False,4,False,0.01,300,8,,,0.8158268079226163,0.007553513336456896,0.883634191915629,0.005560344343414531
data/adult.csv,25,True,0.5,1e-06,True,True,1,0.05,2,False,1,False,0.01,300,8,,,0.7913342545677875,0.009124043780003397,0.8762368529396977,0.007916710831676041
data/adult.csv,25,True,0.5,1e-06,True,True,1,0.05,2,False,2,False,0.01,300,8,,,0.7972055888223554,0.008488808787388853,0.8804201512489829,0.007368854390684277
data/adult.csv,25,True,0.5,1e-06,True,True,1,0.05,2,False,4,False,0.01,300,8,,,0.8062582527253186,0.00844567418370474,0.8822061301852322,0.00736462764106416
data/adult.csv,25,True,0.5,1e-06,True,True,1,0.1,2,False,1,False,0.01,300,8,,,0.7884477199447261,0.00855130558026634,0.8767228598234453,0.0076732008682598
data/adult.csv,25,True,0.5,1e-06,True,True,1,0.1,2,False,2,False,0.01,300,8,,,0.7912359895593427,0.0062951350581275135,0.8761541133368729,0.007525989657634466
data/adult.csv,25,True,0.5,1e-06,True,True,1,0.1,2,False,4,False,0.01,300,8,,,0.7961553815446031,0.006299351828992549,0.8801241763682355,0.007203480004188559
data/adult.csv,25,True,0.5,1e-06,True,True,1,0.2,2,False,1,False,0.01,300,8,,,0.785014586212191,0.009728224204265147,0.8726315571001517,0.006861589311404856
data/adult.csv,25,True,0.5,1e-06,True,True,1,0.2,2,False,2,False,0.01,300,8,,,0.7877782895746968,0.007141399347839923,0.8764913316501936,0.007616129278819443
data/adult.csv,25,True,0.5,1e-06,True,True,1,0.2,2,False,4,False,0.01,300,8,,,0.7921080915092891,0.0070446164164902035,0.8772917962540641,0.008795937188754268
data/adult.csv,25,True,0.5,1e-06,False,True,1,0.01,2,False,1,False,0.01,300,16,,,0.804108705665592,0.010764101508965694,0.8844086389932312,0.008117201490656797
data/adult.csv,25,True,0.5,1e-06,False,True,1,0.01,2,False,2,False,0.01,300,16,,,0.8178166743436206,0.005622814778921146,0.8914502258730452,0.00431355040613032
data/adult.csv,25,True,0.5,1e-06,False,True,1,0.01,2,False,4,False,0.01,300,16,,,0.8217964071856286,0.005479238058449564,0.8911041015444258,0.004552949575879874
data/adult.csv,25,True,0.5,1e-06,False,True,1,0.02,2,False,1,False,0.01,300,16,,,0.7974021188392446,0.006975220557123234,0.883451402662403,0.006655612520178339
data/adult.csv,25,True,0.5,1e-06,False,True,1,0.02,2,False,2,False,0.01,300,16,,,0.8120681713496086,0.006889235192728361,0.8890257583562137,0.005204431907154847
data/adult.csv,25,True,0.5,1e-06,False,True,1,0.02,2,False,4,False,0.01,300,16,,,0.8175403040073698,0.007312830044355466,0.8910996242372186,0.006048263125550367
data/adult.csv,25,True,0.5,1e-06,False,True,1,0.05,2,False,1,False,0.01,300,16,,,0.7836265929679104,0.010429115467398503,0.8823044091261903,0.0066553969365541745
data/adult.csv,25,True,0.5,1e-06,False,True,1,0.05,2,False,2,False,0.01,300,16,,,0.7991647474282206,0.007709249434095426,0.889125452132385,0.005524262123702803
data/adult.csv,25,True,0.5,1e-06,False,True,1,0.05,2,False,4,False,0.01,300,16,,,0.8080393060033778,0.00833832030519976,0.8890397165298738,0.004449086760753031
data/adult.csv,25,True,0.5,1e-06,False,True,1,0.1,2,False,1,False,0.01,300,16,,,0.7765515123598955,0.009315530412718986,0.8803143627109317,0.007983538176838991
data/adult.csv,25,True,0.5,1e-06,False,True,1,0.1,2,False,2,False,0.01,300,16,,,0.7864701366497774,0.01099824481187211,0.8849452091363571,0.007311004943916034
data/adult.csv,25,True,0.5,1e-06,False,True,1,0.1,2,False,4,False,0.01,300,16,,,0.7947366804851836,0.009004809054829185,0.8872276582292342,0.006081146162574459
data/adult.csv,25,True,0.5,1e-06,False,True,1,0.2,2,False,1,False,0.01,300,16,,,0.769771226777215,0.00812070711460804,0.8748362000614209,0.012393979709192818
data/adult.csv,25,True,0.5,1e-06,False,True,1,0.2,2,False,2,False,0.01,300,16,,,0.7775280208813143,0.009297571881753864,0.8812445936680947,0.008518653046371831
data/adult.csv,25,True,0.5,1e-06,False,True,1,0.2,2,False,4,False,0.01,300,16,,,0.7871702748349455,0.0058775881230565645,0.8878885703974728,0.007133318541988593
data/adult.csv,25,True,0.5,1e-06,True,True,1,0.01,2,False,1,False,0.01,300,16,,,0.7928266543835406,0.008090529726267757,0.8733415569726419,0.006861153512643606
data/adult.csv,25,True,0.5,1e-06,True,True,1,0.01,2,False,2,False,0.01,300,16,,,0.7968309534776601,0.00539449529655148,0.8737969252353605,0.005836318506266448
data/adult.csv,25,True,0.5,1e-06,True,True,1,0.01,2,False,4,False,0.01,300,16,,,0.7996192230922771,0.008051296334110293,0.8756376707316759,0.008434169713981806
data/adult.csv,25,True,0.5,1e-06,True,True,1,0.02,2,False,1,False,0.01,300,16,,,0.7901612160294795,0.006602782957503987,0.8688649590587519,0.010072776104154363
data/adult.csv,25,True,0.5,1e-06,True,True,1,0.02,2,False,2,False,0.01,300,16,,,0.7963826193766314,0.005842670040580066,0.8733212624833027,0.006342292627006823
data/adult.csv,25,True,0.5,1e-06,True,True,1,0.02,2,False,4,False,0.01,300,16,,,0.7991094733609704,0.00604046999173658,0.8758717041803716,0.0061251553861409475
data/adult.csv,25,True,0.5,1e-06,True,True,1,0.05,2,False,1,False,0.01,300,16,,,0.7895777675418393,0.00789652167866649,0.869553438676959,0.008593195708782052
data/adult.csv,25,True,0.5,1e-06,True,True,1,0.05,2,False,2,False,0.01,300,16,,,0.7905112851220636,0.007230109263660598,0.8698897183908023,0.005691291032433008
data/adult.csv,25,True,0.5,1e-06,True,True,1,0.05,2,False,4,False,0.01,300,16,,,0.7920159680638723,0.007358607486933912,0.8731795108804306,0.008226903341841979
data/adult.csv,25,True,0.5,1e-06,True,True,1,0.1,2,False,1,False,0.01,300,16,,,0.788969752802088,0.006564305287715784,0.8666242313227817,0.008739245054746693
data/adult.csv,25,True,0.5,1e-06,True,True,1,0.1,2,False,2,False,0.01,300,16,,,0.789442653155228,0.00737702197151644,0.8661639915941634,0.006112151932082104
data/adult.csv,25,True,0.5,1e-06,True,True,1,0.1,2,False,4,False,0.01,300,16,,,0.7892891140795332,0.006087103856076067,0.8708036173104112,0.00834562204341976
data/adult.csv,25,True,0.5,1e-06,True,True,1,0.2,2,False,1,False,0.01,300,16,,,0.7878826961461693,0.006960333931657326,0.8667980242453279,0.007272839804804459
data/adult.csv,25,True,0.5,1e-06,True,True,1,0.2,2,False,2,False,0.01,300,16,,,0.7865008444649162,0.008564466345274555,0.8671184604987535,0.01060772264540945
data/adult.csv,25,True,0.5,1e-06,True,True,1,0.2,2,False,4,False,0.01,300,16,,,0.7906402579456472,0.005380983641521129,0.869378538107965,0.008656583704321208
data/adult.csv,25,True,1.0,0.0,False,True,1,0.01,2,False,1,False,0.01,300,3,,,0.7798925226470138,0.008436782064716824,0.8008856104340188,0.027289463688962328
data/adult.csv,25,True,1.0,0.0,False,True,1,0.01,2,False,2,False,0.01,300,3,,,0.7886012590204207,0.010405072984646277,0.8037940375303058,0.020074837702674674
data/adult.csv,25,True,1.0,0.0,False,True,1,0.01,2,False,4,False,0.01,300,3,,,0.7911991401811761,0.011451661911395407,0.7963802844350153,0.019398678005102393
data/adult.csv,25,True,1.0,0.0,False,True,1,0.02,2,False,1,False,0.01,300,3,,,0.7676093965914325,0.009676722014111575,0.8002740821939446,0.03034593489737446
data/adult.csv,25,True,1.0,0.0,False,True,1,0.02,2,False,2,False,0.01,300,3,,,0.7817595578074621,0.00898643105712595,0.8037396287800272,0.02411766656811189
data/adult.csv,25,True,1.0,0.0,False,True,1,0.02,2,False,4,False,0.01,300,3,,,0.7866666666666667,0.010265515586919313,0.7942320673304742,0.019317114329470905
data/adult.csv,25,True,1.0,0.0,False,True,1,0.05,2,False,1,False,0.01,300,3,,,0.7637340703208966,0.007268092899259474,0.768164811697975,0.05022572013752062
data/adult.csv,25,True,1.0,0.0,False,True,1,0.05,2,False,2,False,0.01,300,3,,,0.767861200675572,0.009786684264095812,0.7711528153861035,0.036831827213282084
data/adult.csv,25,True,1.0,0.0,False,True,1,0.05,2,False,4,False,0.01,300,3,,,0.7746537693843082,0.013207053953153006,0.7792102441347538,0.03780008069492617
data/adult.csv,25,True,1.0,0.0,False,True,1,0.1,2,False,1,False,0.01,300,3,,,0.7610563488407801,0.00799598486380512,0.750206049052506,0.06097783801808267
data/adult.csv,25,True,1.0,0.0,False,True,1,0.1,2,False,2,False,0.01,300,3,,,0.7655888223552894,0.012385533488978678,0.7468893966643816,0.04039936769914415
data/adult.csv,25,True,1.0,0.0,False,True,1,0.1,2,False,4,False,0.01,300,3,,,0.7714110241056349,0.01162914324874242,0.7666108561964561,0.042093263083382855
data/adult.csv,25,True,1.0,0.0,False,True,1,0.2,2,False,1,False,0.01,300,3,,,0.7625733149086442,0.008985369076086255,0.7170070677590848,0.05152312123463798
data/adult.csv,25,True,1.0,0.0,False,True,1,0.2,2,False,2,False,0.01,300,3,,,0.7628681099339782,0.008587332753804328,0.7175707347481416,0.05468285646908842
data/adult.csv,25,True,1.0,0.0,False,True,1,0.2,2,False,4,False,0.01,300,3,,,0.7633840012283126,0.00791522393780598,0.7193801982733271,0.04883720370082314
data/adult.csv,25,True,1.0,0.0,True,True,1,0.01,2,False,1,False,0.01,300,3,,,0.7833625057577155,0.01846576515464408,0.7862926057115849,0.030269855156807097
data/adult.csv,25,True,1.0,0.0,True,True,1,0.01,2,False,2,False,0.01,300,3,,,0.7826869338246586,0.012409368151077968,0.7890546500315945,0.025485911737270054
data/adult.csv,25,True,1.0,0.0,True,True,1,0.01,2,False,4,False,0.01,300,3,,,0.7797205588822355,0.016875598200940995,0.7800931911964404,0.026109536280269435
data/adult.csv,25,True,1.0,0.0,True,True,1,0.02,2,False,1,False,0.01,300,3,,,0.7840135114386613,0.012948034642204264,0.7872447419772002,0.026276368965316092
data/adult.csv,25,True,1.0,0.0,True,True,1,0.02,2,False,2,False,0.01,300,3,,,0.7860955013050821,0.014815983328477299,0.7902539239929854,0.021502195124102497
data/adult.csv,25,True,1.0,0.0,True,True,1,0.02,2,False,4,False,0.01,300,3,,,0.7847013664977736,0.012436496805816783,0.7853375823429668,0.022577268623173104
data/adult.csv,25,True,1.0,0.0,True,True,1,0.05,2,False,1,False,0.01,300,3,,,0.7870413020113618,0.01249781668664359,0.7991051821750284,0.0241562335538107
data/adult.csv,25,True,1.0,0.0,True,True,1,0.05,2,False,2,False,0.01,300,3,,,0.7849961615231077,0.012805764218158284,0.7870942147079405,0.021871397178907643
data/adult.csv,25,True,1.0,0.0,True,True,1,0.05,2,False,4,False,0.01,300,3,,,0.7889267618608936,0.011877417698949611,0.794932882424488,0.019414146452572268
data/adult.csv,25,True,1.0,0.0,True,True,1,0.1,2,False,1,False,0.01,300,3,,,0.7890557346844771,0.010143188777083383,0.7997803693447467,0.020873383555152485
data/adult.csv,25,True,1.0,0.0,True,True,1,0.1,2,False,2,False,0.01,300,3,,,0.787772148011669,0.011340066430688115,0.7997778391055123,0.023726353373704795
data/adult.csv,25,True,1.0,0.0,True,True,1,0.1,2,False,4,False,0.01,300,3,,,0.781790265622601,0.014329202357962936,0.785367011873207,0.025580238301868827
data/adult.csv,25,True,1.0,0.0,True,True,1,0.2,2,False,1,False,0.01,300,3,,,0.7949025026869339,0.012218006408925614,0.815990847838858,0.02224637687527461
data/adult.csv,25,True,1.0,0.0,True,True,1,0.2,2,False,2,False,0.01,300,3,,,0.7927590971902349,0.011416972401057468,0.8045042976679436,0.01811981752687088
data/adult.csv,25,True,1.0,0.0,True,True,1,0.2,2,False,4,False,0.01,300,3,,,0.790818363273453,0.011078075734801709,0.805117865257766,0.0178902491839762
data/adult.csv,25,True,1.0,0.0,False,True,1,0.01,2,False,1,False,0.01,300,4,,,0.7791432519576234,0.008359869785468817,0.7988845841319407,0.02484730957168326
data/adult.csv,25,True,1.0,0.0,False,True,1,0.01,2,False,2,False,0.01,300,4,,,0.787624750499002,0.010649990928999136,0.8024222600889253,0.02435966667717218
data/adult.csv,25,True,1.0,0.0,False,True,1,0.01,2,False,4,False,0.01,300,4,,,0.7909473360970367,0.011110975275465179,0.798996026429813,0.01766147414518364
data/adult.csv,25,True,1.0,0.0,False,True,1,0.02,2,False,1,False,0.01,300,4,,,0.7704897896514663,0.008431630180490953,0.7859431474561167,0.027384452652396658
data/adult.csv,25,True,1.0,0.0,False,True,1,0.02,2,False,2,False,0.01,300,4,,,0.7791309688315678,0.010321400534511688,0.7947936881084604,0.035081963775913376
